Sample,Amino Acid Change,Position,AF,Change,Protein,NucleotideChange,LetterChange,Syn,Depth,Passage,Reverse_Complement,NucCorrect,AminoCorrect,MatPeptide
gr2a_bl_lung.fastq.gz,NP L18L,166,1.37,L18L,NP,A54G,A to G,synonymous SNV,73,gr2a_bl_lung,No,A54G,L18L,-
gr2a_bl_lung.fastq.gz,NP S25G,185,2.13,S25G,NP,A73G,A to G,nonsynonymous SNV,94,gr2a_bl_lung,No,A73G,S25G,-
gr2a_bl_lung.fastq.gz,NP T32T,208,1.79,T32T,NP,A96G,A to G,synonymous SNV,112,gr2a_bl_lung,No,A96G,T32T,-
gr2a_bl_lung.fastq.gz,NP R36K,219,1.68,R36K,NP,G107A,G to A,nonsynonymous SNV,119,gr2a_bl_lung,No,G107A,R36K,-
gr2a_bl_lung.fastq.gz,NP G85R,365,1.16,G85R,NP,G253C,G to C,nonsynonymous SNV,172,gr2a_bl_lung,No,G253C,G85R,-
gr2a_bl_lung.fastq.gz,NP G325G,1087,1.48,G325G,NP,A975G,A to G,synonymous SNV,135,gr2a_bl_lung,No,A975G,G325G,-
gr2a_bl_lung.fastq.gz,NP F446S,1449,1.74,F446S,NP,T1337C,T to C,nonsynonymous SNV,115,gr2a_bl_lung,No,T1337C,F446S,-
gr2a_bl_lung.fastq.gz,P E23K,4518,1.2,E23K,P,G67A,G to A,nonsynonymous SNV,83,gr2a_bl_lung,No,G67A,E23K,-
gr2a_bl_lung.fastq.gz,P V110V,4781,1.71,V110V,P,G330A,G to A,synonymous SNV,117,gr2a_bl_lung,No,G330A,V110V,-
gr2a_bl_lung.fastq.gz,P R134R,4851,1.54,R134R,P,A400C,A to C,synonymous SNV,130,gr2a_bl_lung,No,A400C,R134R,-
gr2a_bl_lung.fastq.gz,P G135E,4855,1.55,G135E,P,G404A,G to A,nonsynonymous SNV,129,gr2a_bl_lung,No,G404A,G135E,-
gr2a_bl_lung.fastq.gz,P N388N,5615,1.19,N388N,P,C1164T,C to T,synonymous SNV,84,gr2a_bl_lung,No,C1164T,N388N,-
gr2a_bl_lung.fastq.gz,P Q390R,5620,1.19,Q390R,P,A1169G,A to G,nonsynonymous SNV,84,gr2a_bl_lung,No,A1169G,Q390R,-
gr2a_bl_lung.fastq.gz,P M396V,5637,1.35,M396V,P,A1186G,A to G,nonsynonymous SNV,74,gr2a_bl_lung,No,A1186G,M396V,-
gr2a_bl_lung.fastq.gz,P D409D,5678,1.19,D409D,P,C1227T,C to T,synonymous SNV,84,gr2a_bl_lung,No,C1227T,D409D,-
gr2a_bl_lung.fastq.gz,P A415V,5695,1.18,A415V,P,C1244T,C to T,nonsynonymous SNV,85,gr2a_bl_lung,No,C1244T,A415V,-
gr2a_bl_lung.fastq.gz,P G416A,5698,1.18,G416A,P,G1247C,G to C,nonsynonymous SNV,85,gr2a_bl_lung,No,G1247C,G416A,-
gr2a_bl_lung.fastq.gz,P V455A,5815,1.37,V455A,P,T1364C,T to C,nonsynonymous SNV,73,gr2a_bl_lung,No,T1364C,V455A,-
gr2a_bl_lung.fastq.gz,P D468D,5855,1.59,D468D,P,T1404C,T to C,synonymous SNV,63,gr2a_bl_lung,No,T1404C,D468D,-
gr2a_bl_lung.fastq.gz,P S485T,5904,1.37,S485T,P,T1453A,T to A,nonsynonymous SNV,73,gr2a_bl_lung,No,T1453A,S485T,-
gr2a_bl_lung.fastq.gz,P N486T,5908,1.49,N486T,P,A1457C,A to C,nonsynonymous SNV,67,gr2a_bl_lung,No,A1457C,N486T,-
gr2a_bl_lung.fastq.gz,P P490P,5921,1.35,P490P,P,G1470A,G to A,synonymous SNV,74,gr2a_bl_lung,No,G1470A,P490P,-
gr2a_bl_lung.fastq.gz,P G519V,6007,1.49,G519V,P,G1556T,G to T,nonsynonymous SNV,67,gr2a_bl_lung,No,G1556T,G519V,-
gr2a_bl_lung.fastq.gz,P L526L,6027,1.64,L526L,P,T1576C,T to C,synonymous SNV,61,gr2a_bl_lung,No,T1576C,L526L,-
gr2a_bl_lung.fastq.gz,P M531L,6042,1.67,M531L,P,A1591T,A to T,nonsynonymous SNV,60,gr2a_bl_lung,No,A1591T,M531L,-
gr2a_bl_lung.fastq.gz,P N534I,6052,1.67,N534I,P,A1601T,A to T,nonsynonymous SNV,60,gr2a_bl_lung,No,A1601T,N534I,-
gr2a_bl_lung.fastq.gz,P I536T,6058,1.64,I536T,P,T1607C,T to C,nonsynonymous SNV,61,gr2a_bl_lung,No,T1607C,I536T,-
gr2a_bl_lung.fastq.gz,P E551V,6103,1.41,E551V,P,A1652T,A to T,nonsynonymous SNV,71,gr2a_bl_lung,No,A1652T,E551V,-
gr2a_bl_lung.fastq.gz,P A558V,6124,1.3,A558V,P,C1673T,C to T,nonsynonymous SNV,77,gr2a_bl_lung,No,C1673T,A558V,-
gr2a_bl_lung.fastq.gz,P K559E,6126,1.25,K559E,P,A1675G,A to G,nonsynonymous SNV,80,gr2a_bl_lung,No,A1675G,K559E,-
gr2a_bl_lung.fastq.gz,P N561N,6134,1.23,N561N,P,T1683C,T to C,synonymous SNV,81,gr2a_bl_lung,No,T1683C,N561N,-
gr2a_bl_lung.fastq.gz,P S565P,6144,1.22,S565P,P,T1693C,T to C,nonsynonymous SNV,82,gr2a_bl_lung,No,T1693C,S565P,-
gr2a_bl_lung.fastq.gz,P F609F,6278,1.41,F609F,P,C1827T,C to T,synonymous SNV,71,gr2a_bl_lung,No,C1827T,F609F,-
gr2a_bl_lung.fastq.gz,P N616Y,6297,1.49,N616Y,P,A1846T,A to T,nonsynonymous SNV,67,gr2a_bl_lung,No,A1846T,N616Y,-
gr2a_bl_lung.fastq.gz,P T647A,6390,1.67,T647A,P,A1939G,A to G,nonsynonymous SNV,60,gr2a_bl_lung,No,A1939G,T647A,-
gr2a_bl_lung.fastq.gz,P V653V,6410,1.82,V653V,P,T1959C,T to C,synonymous SNV,55,gr2a_bl_lung,No,T1959C,V653V,-
gr2a_bl_lung.fastq.gz,P L667V,6450,1.85,L667V,P,T1999G,T to G,nonsynonymous SNV,54,gr2a_bl_lung,No,T1999G,L667V,-
gr2a_bl_lung.fastq.gz,P I668M,6455,1.85,I668M,P,A2004G,A to G,nonsynonymous SNV,54,gr2a_bl_lung,No,A2004G,I668M,-
gr2a_bl_lung.fastq.gz,P I697T,6541,1.52,I697T,P,T2090C,T to C,nonsynonymous SNV,66,gr2a_bl_lung,No,T2090C,I697T,-
gr2a_bl_lung.fastq.gz,P T700T,6551,1.54,T700T,P,T2100C,T to C,synonymous SNV,65,gr2a_bl_lung,No,T2100C,T700T,-
gr2a_bl_lung.fastq.gz,P G707S,6570,4.23,G707S,P,G2119A,G to A,nonsynonymous SNV,71,gr2a_bl_lung,No,G2119A,G707S,-
gr2a_bl_lung.fastq.gz,M E39K,7268,2,E39K,M,G115A,G to A,nonsynonymous SNV,50,gr2a_bl_lung,No,G115A,E39K,-
gr2a_bl_lung.fastq.gz,M G69S,7358,1.43,G69S,M,G205A,G to A,nonsynonymous SNV,70,gr2a_bl_lung,No,G205A,G69S,-
gr2a_bl_lung.fastq.gz,M V96V,7441,4.11,V96V,M,T288A,T to A,synonymous SNV,73,gr2a_bl_lung,No,T288A,V96V,-
gr2a_bl_lung.fastq.gz,M G97A,7443,1.33,G97A,M,G290C,G to C,nonsynonymous SNV,75,gr2a_bl_lung,No,G290C,G97A,-
gr2a_bl_lung.fastq.gz,M S99C,7448,1.33,S99C,M,A295T,A to T,nonsynonymous SNV,75,gr2a_bl_lung,No,A295T,S99C,-
gr2a_bl_lung.fastq.gz,M S101S,7456,1.25,S101S,M,T303C,T to C,synonymous SNV,80,gr2a_bl_lung,No,T303C,S101S,-
gr2a_bl_lung.fastq.gz,M S112S,7489,1.39,S112S,M,C336T,C to T,synonymous SNV,72,gr2a_bl_lung,No,C336T,S112S,-
gr2a_bl_lung.fastq.gz,M S132S,7549,1.22,S132S,M,T396C,T to C,synonymous SNV,82,gr2a_bl_lung,No,T396C,S132S,-
gr2a_bl_lung.fastq.gz,M G133G,7552,1.22,G133G,M,A399G,A to G,synonymous SNV,82,gr2a_bl_lung,No,A399G,G133G,-
gr2a_bl_lung.fastq.gz,M F151F,7606,1.47,F151F,M,C453T,C to T,synonymous SNV,68,gr2a_bl_lung,No,C453T,F151F,-
gr2a_bl_lung.fastq.gz,M I178F,7685,1.67,I178F,M,A532T,A to T,nonsynonymous SNV,60,gr2a_bl_lung,No,A532T,I178F,-
gr2a_bl_lung.fastq.gz,M M193T,7731,1.54,M193T,M,T578C,T to C,nonsynonymous SNV,65,gr2a_bl_lung,No,T578C,M193T,-
gr2a_bl_lung.fastq.gz,M A203T,7760,1.37,A203T,M,G607A,G to A,nonsynonymous SNV,73,gr2a_bl_lung,No,G607A,A203T,-
gr2a_bl_lung.fastq.gz,M F204L,7763,1.43,F204L,M,T610C,T to C,nonsynonymous SNV,70,gr2a_bl_lung,No,T610C,F204L,-
gr2a_bl_lung.fastq.gz,M G240G,7873,1.41,G240G,M,A720T,A to T,synonymous SNV,71,gr2a_bl_lung,No,A720T,G240G,-
gr2a_bl_lung.fastq.gz,M R244H,7884,1.56,R244H,M,G731A,G to A,nonsynonymous SNV,64,gr2a_bl_lung,No,G731A,R244H,-
gr2a_bl_lung.fastq.gz,M V252V,7909,1.67,V252V,M,T756C,T to C,synonymous SNV,60,gr2a_bl_lung,No,T756C,V252V,-
gr2a_bl_lung.fastq.gz,M M262K,7938,1.96,M262K,M,T785A,T to A,nonsynonymous SNV,51,gr2a_bl_lung,No,T785A,M262K,-
gr2a_bl_lung.fastq.gz,M I284M,8005,2.63,I284M,M,C852G,C to G,nonsynonymous SNV,38,gr2a_bl_lung,No,C852G,I284M,-
gr2a_bl_lung.fastq.gz,M N310S,8082,2.13,N310S,M,A929G,A to G,nonsynonymous SNV,47,gr2a_bl_lung,No,A929G,N310S,-
gr2a_bl_lung.fastq.gz,F N6K,8723,2.5,N6K,F,C18A,C to A,nonsynonymous SNV,40,gr2a_bl_lung,No,C18A,N6K,-
gr2a_bl_lung.fastq.gz,F S50S,8855,2.27,S50S,F,C150T,C to T,synonymous SNV,44,gr2a_bl_lung,No,C150T,S50S,-
gr2a_bl_lung.fastq.gz,F A111G,9037,1.43,A111G,F,C332G,C to G,complex,70,gr2a_bl_lung,No,C332G,A111G,-
gr2a_bl_lung.fastq.gz,F A111A,9038,1.45,A111A,F,C333T,C to T,complex,69,gr2a_bl_lung,No,C333T,A111A,-
gr2a_bl_lung.fastq.gz,F V118V,9059,1.52,V118V,F,T354C,T to C,synonymous SNV,66,gr2a_bl_lung,No,T354C,V118V,-
gr2a_bl_lung.fastq.gz,F A125T,9078,2,A125T,F,G373A,G to A,nonsynonymous SNV,50,gr2a_bl_lung,No,G373A,A125T,-
gr2a_bl_lung.fastq.gz,F A137P,9114,1.75,A137P,F,G409C,G to C,nonsynonymous SNV,57,gr2a_bl_lung,No,G409C,A137P,-
gr2a_bl_lung.fastq.gz,F E152E,9161,1.69,E152E,F,A456G,A to G,synonymous SNV,59,gr2a_bl_lung,No,A456G,E152E,-
gr2a_bl_lung.fastq.gz,F P221L,9367,2.04,P221L,F,C662T,C to T,nonsynonymous SNV,49,gr2a_bl_lung,No,C662T,P221L,-
gr2a_bl_lung.fastq.gz,F I228L,9387,1.96,I228L,F,A682T,A to T,nonsynonymous SNV,51,gr2a_bl_lung,No,A682T,I228L,-
gr2a_bl_lung.fastq.gz,F G264A,9496,3.12,G264A,F,G791C,G to C,nonsynonymous SNV,64,gr2a_bl_lung,No,G791C,G264A,-
gr2a_bl_lung.fastq.gz,F I277V,9534,1.47,I277V,F,A829G,A to G,nonsynonymous SNV,68,gr2a_bl_lung,No,A829G,I277V,-
gr2a_bl_lung.fastq.gz,F R279G,9540,1.49,R279G,F,A835G,A to G,complex,67,gr2a_bl_lung,No,A835G,R279G,-
gr2a_bl_lung.fastq.gz,F R279M,9541,1.52,R279M,F,G836T,G to T,complex,66,gr2a_bl_lung,No,G836T,R279M,-
gr2a_bl_lung.fastq.gz,F L285M,9558,1.59,L285M,F,C853A,C to A,nonsynonymous SNV,63,gr2a_bl_lung,No,C853A,L285M,-
gr2a_bl_lung.fastq.gz,F L332P,9700,1.59,L332P,F,T995C,T to C,nonsynonymous SNV,63,gr2a_bl_lung,No,T995C,L332P,-
gr2a_bl_lung.fastq.gz,F G398D,9898,1.2,G398D,F,G1193A,G to A,nonsynonymous SNV,83,gr2a_bl_lung,No,G1193A,G398D,-
gr2a_bl_lung.fastq.gz,F Q407P,9925,1.37,Q407P,F,A1220C,A to C,nonsynonymous SNV,73,gr2a_bl_lung,No,A1220C,Q407P,-
gr2a_bl_lung.fastq.gz,F P418P,9959,1.61,P418P,F,T1254A,T to A,synonymous SNV,62,gr2a_bl_lung,No,T1254A,P418P,-
gr2a_bl_lung.fastq.gz,F S428I,9988,1.67,S428I,F,G1283T,G to T,nonsynonymous SNV,60,gr2a_bl_lung,No,G1283T,S428I,-
gr2a_bl_lung.fastq.gz,F V436E,10012,1.96,V436E,F,T1307A,T to A,nonsynonymous SNV,51,gr2a_bl_lung,No,T1307A,V436E,-
gr2a_bl_lung.fastq.gz,F I445T,10039,2.08,I445T,F,T1334C,T to C,complex,48,gr2a_bl_lung,No,T1334C,I445T,-
gr2a_bl_lung.fastq.gz,F I445I,10040,2.08,I445I,F,T1335C,T to C,complex,48,gr2a_bl_lung,No,T1335C,I445I,-
gr2a_bl_lung.fastq.gz,F S470S,10115,3.03,S470S,F,T1410G,T to G,synonymous SNV,33,gr2a_bl_lung,No,T1410G,S470S,-
gr2a_bl_lung.fastq.gz,F I513T,10243,3.45,I513T,F,T1538C,T to C,nonsynonymous SNV,29,gr2a_bl_lung,No,T1538C,I513T,-
gr2a_bl_lung.fastq.gz,F P535P,10310,3.12,P535P,F,T1605A,T to A,synonymous SNV,32,gr2a_bl_lung,No,T1605A,P535P,-
gr2a_bl_lung.fastq.gz,glycoprotein M32I,11090,1.72,M32I,glycoprotein,G96A,G to A,nonsynonymous SNV,58,gr2a_bl_lung,No,G96A,M32I,-
gr2a_bl_lung.fastq.gz,glycoprotein K147T,11434,2.44,K147T,glycoprotein,A440C,A to C,nonsynonymous SNV,41,gr2a_bl_lung,No,A440C,K147T,-
gr2a_bl_lung.fastq.gz,glycoprotein E157G,11464,1.75,E157G,glycoprotein,A470G,A to G,nonsynonymous SNV,57,gr2a_bl_lung,No,A470G,E157G,-
gr2a_bl_lung.fastq.gz,glycoprotein P185T,11547,1.43,P185T,glycoprotein,C553A,C to A,nonsynonymous SNV,70,gr2a_bl_lung,No,C553A,P185T,-
gr2a_bl_lung.fastq.gz,glycoprotein K199R,11590,1.54,K199R,glycoprotein,A596G,A to G,nonsynonymous SNV,65,gr2a_bl_lung,No,A596G,K199R,-
gr2a_bl_lung.fastq.gz,glycoprotein L207L,11615,1.72,L207L,glycoprotein,A621G,A to G,synonymous SNV,58,gr2a_bl_lung,No,A621G,L207L,-
gr2a_bl_lung.fastq.gz,glycoprotein S232S,11690,1.45,S232S,glycoprotein,C696T,C to T,synonymous SNV,69,gr2a_bl_lung,No,C696T,S232S,-
gr2a_bl_lung.fastq.gz,glycoprotein E235K,11697,1.41,E235K,glycoprotein,G703A,G to A,nonsynonymous SNV,71,gr2a_bl_lung,No,G703A,E235K,-
gr2a_bl_lung.fastq.gz,glycoprotein P273S,11811,1.64,P273S,glycoprotein,C817T,C to T,nonsynonymous SNV,61,gr2a_bl_lung,No,C817T,P273S,-
gr2a_bl_lung.fastq.gz,glycoprotein L314V,11934,2.63,L314V,glycoprotein,C940G,C to G,nonsynonymous SNV,38,gr2a_bl_lung,No,C940G,L314V,-
gr2a_bl_lung.fastq.gz,glycoprotein M315I,11939,2.7,M315I,glycoprotein,G945A,G to A,nonsynonymous SNV,37,gr2a_bl_lung,No,G945A,M315I,-
gr2a_bl_lung.fastq.gz,glycoprotein L362L,12080,2.04,L362L,glycoprotein,G1086A,G to A,synonymous SNV,49,gr2a_bl_lung,No,G1086A,L362L,-
gr2a_bl_lung.fastq.gz,glycoprotein G368G,12098,2.08,G368G,glycoprotein,A1104T,A to T,synonymous SNV,48,gr2a_bl_lung,No,A1104T,G368G,-
gr2a_bl_lung.fastq.gz,glycoprotein N378N,12128,2.22,N378N,glycoprotein,T1134C,T to C,synonymous SNV,45,gr2a_bl_lung,No,T1134C,N378N,-
gr2a_bl_lung.fastq.gz,glycoprotein E386G,12151,2.04,E386G,glycoprotein,A1157G,A to G,nonsynonymous SNV,49,gr2a_bl_lung,No,A1157G,E386G,-
gr2a_bl_lung.fastq.gz,glycoprotein S419L,12250,1.92,S419L,glycoprotein,C1256T,C to T,nonsynonymous SNV,52,gr2a_bl_lung,No,C1256T,S419L,-
gr2a_bl_lung.fastq.gz,glycoprotein G449V,12340,2.7,G449V,glycoprotein,G1346T,G to T,nonsynonymous SNV,37,gr2a_bl_lung,No,G1346T,G449V,-
gr2a_bl_lung.fastq.gz,glycoprotein Q450R,12343,2.78,Q450R,glycoprotein,A1349G,A to G,nonsynonymous SNV,36,gr2a_bl_lung,No,A1349G,Q450R,-
gr2a_bl_lung.fastq.gz,glycoprotein R487K,12454,2.5,R487K,glycoprotein,G1460A,G to A,nonsynonymous SNV,40,gr2a_bl_lung,No,G1460A,R487K,-
gr2a_bl_lung.fastq.gz,glycoprotein N529T,12580,2.7,N529T,glycoprotein,A1586C,A to C,nonsynonymous SNV,37,gr2a_bl_lung,No,A1586C,N529T,-
gr2a_bl_lung.fastq.gz,glycoprotein D555N,12657,3.33,D555N,glycoprotein,G1663A,G to A,nonsynonymous SNV,30,gr2a_bl_lung,No,G1663A,D555N,-
gr2a_bl_lung.fastq.gz,glycoprotein C574R,12714,4.35,C574R,glycoprotein,T1720C,T to C,nonsynonymous SNV,23,gr2a_bl_lung,No,T1720C,C574R,-
gr2a_bl_lung.fastq.gz,glycoprotein L592L,12770,7.41,L592L,glycoprotein,A1776T,A to T,synonymous SNV,27,gr2a_bl_lung,No,A1776T,L592L,-
gr2a_bl_lung.fastq.gz,L_protein L54L,13625,8.33,L54L,L_protein,T162A,T to A,synonymous SNV,12,gr2a_bl_lung,No,T162A,L54L,-
gr2a_bl_lung.fastq.gz,L_protein E179K,13998,3.12,E179K,L_protein,G535A,G to A,nonsynonymous SNV,32,gr2a_bl_lung,No,G535A,E179K,-
gr2a_bl_lung.fastq.gz,L_protein P232L,14158,1.49,P232L,L_protein,C695T,C to T,nonsynonymous SNV,67,gr2a_bl_lung,No,C695T,P232L,-
gr2a_bl_lung.fastq.gz,L_protein Q259K,14238,1.39,Q259K,L_protein,C775A,C to A,nonsynonymous SNV,72,gr2a_bl_lung,No,C775A,Q259K,-
gr2a_bl_lung.fastq.gz,L_protein P260S,14241,1.41,P260S,L_protein,C778T,C to T,nonsynonymous SNV,71,gr2a_bl_lung,No,C778T,P260S,-
gr2a_bl_lung.fastq.gz,L_protein Q299R,14359,1.85,Q299R,L_protein,A896G,A to G,nonsynonymous SNV,54,gr2a_bl_lung,No,A896G,Q299R,-
gr2a_bl_lung.fastq.gz,L_protein S335S,14468,1.37,S335S,L_protein,T1005C,T to C,synonymous SNV,73,gr2a_bl_lung,No,T1005C,S335S,-
gr2a_bl_lung.fastq.gz,L_protein I338V,14475,1.39,I338V,L_protein,A1012G,A to G,nonsynonymous SNV,72,gr2a_bl_lung,No,A1012G,I338V,-
gr2a_bl_lung.fastq.gz,L_protein T362M,14548,1.49,T362M,L_protein,C1085T,C to T,nonsynonymous SNV,67,gr2a_bl_lung,No,C1085T,T362M,-
gr2a_bl_lung.fastq.gz,L_protein V372D,14578,1.52,V372D,L_protein,T1115A,T to A,nonsynonymous SNV,66,gr2a_bl_lung,No,T1115A,V372D,-
gr2a_bl_lung.fastq.gz,L_protein R378R,14597,1.45,R378R,L_protein,A1134G,A to G,synonymous SNV,69,gr2a_bl_lung,No,A1134G,R378R,-
gr2a_bl_lung.fastq.gz,L_protein D384E,14615,3.57,D384E,L_protein,T1152A,T to A,nonsynonymous SNV,56,gr2a_bl_lung,No,T1152A,D384E,-
gr2a_bl_lung.fastq.gz,L_protein H411Q,14696,1.59,H411Q,L_protein,C1233A,C to A,nonsynonymous SNV,63,gr2a_bl_lung,No,C1233A,H411Q,-
gr2a_bl_lung.fastq.gz,L_protein P416A,14709,1.67,P416A,L_protein,C1246G,C to G,nonsynonymous SNV,60,gr2a_bl_lung,No,C1246G,P416A,-
gr2a_bl_lung.fastq.gz,L_protein M520L,15021,1.33,M520L,L_protein,A1558T,A to T,nonsynonymous SNV,75,gr2a_bl_lung,No,A1558T,M520L,-
gr2a_bl_lung.fastq.gz,L_protein K547K,15104,1.33,K547K,L_protein,G1641A,G to A,synonymous SNV,75,gr2a_bl_lung,No,G1641A,K547K,-
gr2a_bl_lung.fastq.gz,L_protein C563G,15150,2.33,C563G,L_protein,T1687G,T to G,nonsynonymous SNV,86,gr2a_bl_lung,No,T1687G,C563G,-
gr2a_bl_lung.fastq.gz,L_protein L570L,15173,1.18,L570L,L_protein,A1710G,A to G,synonymous SNV,85,gr2a_bl_lung,No,A1710G,L570L,-
gr2a_bl_lung.fastq.gz,L_protein E590K,15231,1.33,E590K,L_protein,G1768A,G to A,nonsynonymous SNV,75,gr2a_bl_lung,No,G1768A,E590K,-
gr2a_bl_lung.fastq.gz,L_protein K621K,15326,1.75,K621K,L_protein,A1863G,A to G,synonymous SNV,57,gr2a_bl_lung,No,A1863G,K621K,-
gr2a_bl_lung.fastq.gz,L_protein T630P,15351,1.82,T630P,L_protein,A1888C,A to C,nonsynonymous SNV,55,gr2a_bl_lung,No,A1888C,T630P,-
gr2a_bl_lung.fastq.gz,L_protein K637R,15373,1.64,K637R,L_protein,A1910G,A to G,nonsynonymous SNV,61,gr2a_bl_lung,No,A1910G,K637R,-
gr2a_bl_lung.fastq.gz,L_protein A654P,15423,1.49,A654P,L_protein,G1960C,G to C,nonsynonymous SNV,67,gr2a_bl_lung,No,G1960C,A654P,-
gr2a_bl_lung.fastq.gz,L_protein Y669C,15469,1.49,Y669C,L_protein,A2006G,A to G,nonsynonymous SNV,67,gr2a_bl_lung,No,A2006G,Y669C,-
gr2a_bl_lung.fastq.gz,L_protein S677F,15493,1.56,S677F,L_protein,C2030T,C to T,nonsynonymous SNV,64,gr2a_bl_lung,No,C2030T,S677F,-
gr2a_bl_lung.fastq.gz,L_protein A698A,15557,2,A698A,L_protein,A2094T,A to T,synonymous SNV,50,gr2a_bl_lung,No,A2094T,A698A,-
gr2a_bl_lung.fastq.gz,L_protein T714I,15604,1.92,T714I,L_protein,C2141T,C to T,nonsynonymous SNV,52,gr2a_bl_lung,No,C2141T,T714I,-
gr2a_bl_lung.fastq.gz,L_protein V715L,15606,1.89,V715L,L_protein,G2143T,G to T,nonsynonymous SNV,53,gr2a_bl_lung,No,G2143T,V715L,-
gr2a_bl_lung.fastq.gz,L_protein T721S,15624,2.08,T721S,L_protein,A2161T,A to T,nonsynonymous SNV,48,gr2a_bl_lung,No,A2161T,T721S,-
gr2a_bl_lung.fastq.gz,L_protein N774D,15783,2.22,N774D,L_protein,A2320G,A to G,nonsynonymous SNV,45,gr2a_bl_lung,No,A2320G,N774D,-
gr2a_bl_lung.fastq.gz,L_protein E834G,15964,1.64,E834G,L_protein,A2501G,A to G,nonsynonymous SNV,61,gr2a_bl_lung,No,A2501G,E834G,-
gr2a_bl_lung.fastq.gz,L_protein H843H,15992,1.64,H843H,L_protein,C2529T,C to T,synonymous SNV,61,gr2a_bl_lung,No,C2529T,H843H,-
gr2a_bl_lung.fastq.gz,L_protein A872A,16079,1.16,A872A,L_protein,T2616G,T to G,synonymous SNV,86,gr2a_bl_lung,No,T2616G,A872A,-
gr2a_bl_lung.fastq.gz,L_protein L873V,16080,1.11,L873V,L_protein,C2617G,C to G,nonsynonymous SNV,90,gr2a_bl_lung,No,C2617G,L873V,-
gr2a_bl_lung.fastq.gz,L_protein I883V,16110,1.25,I883V,L_protein,A2647G,A to G,nonsynonymous SNV,80,gr2a_bl_lung,No,A2647G,I883V,-
gr2a_bl_lung.fastq.gz,L_protein L906F,16179,1.22,L906F,L_protein,C2716T,C to T,nonsynonymous SNV,82,gr2a_bl_lung,No,C2716T,L906F,-
gr2a_bl_lung.fastq.gz,L_protein A926D,16240,2.13,A926D,L_protein,C2777A,C to A,nonsynonymous SNV,94,gr2a_bl_lung,No,C2777A,A926D,-
gr2a_bl_lung.fastq.gz,L_protein G941E,16285,1,G941E,L_protein,G2822A,G to A,nonsynonymous SNV,100,gr2a_bl_lung,No,G2822A,G941E,-
gr2a_bl_lung.fastq.gz,L_protein V955L,16326,1.19,V955L,L_protein,G2863T,G to T,nonsynonymous SNV,84,gr2a_bl_lung,No,G2863T,V955L,-
gr2a_bl_lung.fastq.gz,L_protein I956I,16331,1.19,I956I,L_protein,T2868C,T to C,synonymous SNV,84,gr2a_bl_lung,No,T2868C,I956I,-
gr2a_bl_lung.fastq.gz,L_protein E969Q,16368,1.3,E969Q,L_protein,G2905C,G to C,nonsynonymous SNV,77,gr2a_bl_lung,No,G2905C,E969Q,-
gr2a_bl_lung.fastq.gz,L_protein I987M,16424,1.11,I987M,L_protein,A2961G,A to G,nonsynonymous SNV,90,gr2a_bl_lung,No,A2961G,I987M,-
gr2a_bl_lung.fastq.gz,L_protein D1052N,16617,1.01,D1052N,L_protein,G3154A,G to A,nonsynonymous SNV,99,gr2a_bl_lung,No,G3154A,D1052N,-
gr2a_bl_lung.fastq.gz,L_protein I1080T,16702,1.11,I1080T,L_protein,T3239C,T to C,nonsynonymous SNV,90,gr2a_bl_lung,No,T3239C,I1080T,-
gr2a_bl_lung.fastq.gz,L_protein R1111G,16794,1.47,R1111G,L_protein,A3331G,A to G,nonsynonymous SNV,68,gr2a_bl_lung,No,A3331G,R1111G,-
gr2a_bl_lung.fastq.gz,L_protein S1126S,16841,1.3,S1126S,L_protein,A3378T,A to T,synonymous SNV,77,gr2a_bl_lung,No,A3378T,S1126S,-
gr2a_bl_lung.fastq.gz,L_protein S1163P,16950,1.37,S1163P,L_protein,T3487C,T to C,nonsynonymous SNV,73,gr2a_bl_lung,No,T3487C,S1163P,-
gr2a_bl_lung.fastq.gz,L_protein S1192S,17039,1.54,S1192S,L_protein,A3576T,A to T,synonymous SNV,65,gr2a_bl_lung,No,A3576T,S1192S,-
gr2a_bl_lung.fastq.gz,L_protein R1205G,17076,1.33,R1205G,L_protein,A3613G,A to G,nonsynonymous SNV,75,gr2a_bl_lung,No,A3613G,R1205G,-
gr2a_bl_lung.fastq.gz,L_protein R1211K,17095,1.23,R1211K,L_protein,G3632A,G to A,nonsynonymous SNV,81,gr2a_bl_lung,No,G3632A,R1211K,-
gr2a_bl_lung.fastq.gz,L_protein E1223E,17132,2.67,E1223E,L_protein,A3669G,A to G,synonymous SNV,75,gr2a_bl_lung,No,A3669G,E1223E,-
gr2a_bl_lung.fastq.gz,L_protein T1231T,17156,1.3,T1231T,L_protein,A3693T,A to T,synonymous SNV,77,gr2a_bl_lung,No,A3693T,T1231T,-
gr2a_bl_lung.fastq.gz,L_protein S1233G,17160,1.33,S1233G,L_protein,A3697G,A to G,nonsynonymous SNV,75,gr2a_bl_lung,No,A3697G,S1233G,-
gr2a_bl_lung.fastq.gz,L_protein Y1246N,17199,1.33,Y1246N,L_protein,T3736A,T to A,nonsynonymous SNV,75,gr2a_bl_lung,No,T3736A,Y1246N,-
gr2a_bl_lung.fastq.gz,L_protein A1301A,17366,1.59,A1301A,L_protein,G3903A,G to A,synonymous SNV,63,gr2a_bl_lung,No,G3903A,A1301A,-
gr2a_bl_lung.fastq.gz,L_protein V1433G,17761,1.05,V1433G,L_protein,T4298G,T to G,complex,95,gr2a_bl_lung,No,T4298G,V1433G,-
gr2a_bl_lung.fastq.gz,L_protein V1433V,17762,1.06,V1433V,L_protein,G4299T,G to T,complex,94,gr2a_bl_lung,No,G4299T,V1433V,-
gr2a_bl_lung.fastq.gz,L_protein A1441S,17784,1.01,A1441S,L_protein,G4321T,G to T,nonsynonymous SNV,99,gr2a_bl_lung,No,G4321T,A1441S,-
gr2a_bl_lung.fastq.gz,L_protein Y1458S,17836,1.06,Y1458S,L_protein,A4373C,A to C,nonsynonymous SNV,94,gr2a_bl_lung,No,A4373C,Y1458S,-
gr2a_bl_lung.fastq.gz,L_protein D1467E,17864,1.16,D1467E,L_protein,T4401G,T to G,nonsynonymous SNV,86,gr2a_bl_lung,No,T4401G,D1467E,-
gr2a_bl_lung.fastq.gz,L_protein C1468R,17865,1.16,C1468R,L_protein,T4402C,T to C,nonsynonymous SNV,86,gr2a_bl_lung,No,T4402C,C1468R,-
gr2a_bl_lung.fastq.gz,L_protein E1480E,17903,1.16,E1480E,L_protein,A4440G,A to G,synonymous SNV,86,gr2a_bl_lung,No,A4440G,E1480E,-
gr2a_bl_lung.fastq.gz,L_protein K1497Q,17952,1.64,K1497Q,L_protein,A4489C,A to C,nonsynonymous SNV,61,gr2a_bl_lung,No,A4489C,K1497Q,-
gr2a_bl_lung.fastq.gz,L_protein V1499V,17960,1.72,V1499V,L_protein,T4497C,T to C,synonymous SNV,58,gr2a_bl_lung,No,T4497C,V1499V,-
gr2a_bl_lung.fastq.gz,L_protein P1539P,18080,2.63,P1539P,L_protein,T4617C,T to C,synonymous SNV,38,gr2a_bl_lung,No,T4617C,P1539P,-
gr2a_bl_lung.fastq.gz,L_protein S1549S,18110,2.08,S1549S,L_protein,T4647C,T to C,synonymous SNV,48,gr2a_bl_lung,No,T4647C,S1549S,-
gr2a_bl_lung.fastq.gz,L_protein G1565G,18158,1.59,G1565G,L_protein,A4695G,A to G,synonymous SNV,63,gr2a_bl_lung,No,A4695G,G1565G,-
gr2a_bl_lung.fastq.gz,L_protein R1566K,18160,1.59,R1566K,L_protein,G4697A,G to A,nonsynonymous SNV,63,gr2a_bl_lung,No,G4697A,R1566K,-
gr2a_bl_lung.fastq.gz,L_protein S1589L,18229,1.54,S1589L,L_protein,C4766T,C to T,nonsynonymous SNV,65,gr2a_bl_lung,No,C4766T,S1589L,-
gr2a_bl_lung.fastq.gz,L_protein Q1611H,18296,3.23,Q1611H,L_protein,G4833T,G to T,nonsynonymous SNV,62,gr2a_bl_lung,No,G4833T,Q1611H,-
gr2a_bl_lung.fastq.gz,L_protein Q1617H,18314,1.56,Q1617H,L_protein,A4851T,A to T,nonsynonymous SNV,64,gr2a_bl_lung,No,A4851T,Q1617H,-
gr2a_bl_lung.fastq.gz,L_protein L1627L,18344,1.59,L1627L,L_protein,C4881T,C to T,synonymous SNV,63,gr2a_bl_lung,No,C4881T,L1627L,-
gr2a_bl_lung.fastq.gz,L_protein F1647L,18402,1.32,F1647L,L_protein,T4939C,T to C,nonsynonymous SNV,76,gr2a_bl_lung,No,T4939C,F1647L,-
gr2a_bl_lung.fastq.gz,L_protein A1650A,18413,1.41,A1650A,L_protein,C4950A,C to A,synonymous SNV,71,gr2a_bl_lung,No,C4950A,A1650A,-
gr2a_bl_lung.fastq.gz,L_protein T1665A,18456,1.72,T1665A,L_protein,A4993G,A to G,nonsynonymous SNV,58,gr2a_bl_lung,No,A4993G,T1665A,-
gr2a_bl_lung.fastq.gz,L_protein L1669L,18470,1.69,L1669L,L_protein,C5007T,C to T,synonymous SNV,59,gr2a_bl_lung,No,C5007T,L1669L,-
gr2a_bl_lung.fastq.gz,L_protein Y1676Y,18491,1.54,Y1676Y,L_protein,C5028T,C to T,synonymous SNV,65,gr2a_bl_lung,No,C5028T,Y1676Y,-
gr2a_bl_lung.fastq.gz,L_protein L1731L,18654,1.39,L1731L,L_protein,T5191C,T to C,synonymous SNV,72,gr2a_bl_lung,No,T5191C,L1731L,-
gr2a_bl_lung.fastq.gz,L_protein G1734V,18664,1.37,G1734V,L_protein,G5201T,G to T,nonsynonymous SNV,73,gr2a_bl_lung,No,G5201T,G1734V,-
gr2a_bl_lung.fastq.gz,L_protein G1774D,18784,1.64,G1774D,L_protein,G5321A,G to A,nonsynonymous SNV,61,gr2a_bl_lung,No,G5321A,G1774D,-
gr2a_bl_lung.fastq.gz,L_protein I1777L,18792,17.31,I1777L,L_protein,A5329T,A to T,nonsynonymous SNV,52,gr2a_bl_lung,No,A5329T,I1777L,-
gr2a_bl_lung.fastq.gz,L_protein K1808N,18887,1.59,K1808N,L_protein,A5424C,A to C,nonsynonymous SNV,63,gr2a_bl_lung,No,A5424C,K1808N,-
gr2a_bl_lung.fastq.gz,L_protein L1814V,18903,1.39,L1814V,L_protein,C5440G,C to G,nonsynonymous SNV,72,gr2a_bl_lung,No,C5440G,L1814V,-
gr2a_bl_lung.fastq.gz,L_protein P1834T,18963,1.16,P1834T,L_protein,C5500A,C to A,nonsynonymous SNV,86,gr2a_bl_lung,No,C5500A,P1834T,-
gr2a_bl_lung.fastq.gz,L_protein A1837T,18972,1.04,A1837T,L_protein,G5509A,G to A,nonsynonymous SNV,96,gr2a_bl_lung,No,G5509A,A1837T,-
gr2a_bl_lung.fastq.gz,L_protein S1961S,19346,1.12,S1961S,L_protein,C5883T,C to T,synonymous SNV,89,gr2a_bl_lung,No,C5883T,S1961S,-
gr2a_bl_lung.fastq.gz,L_protein A1963T,19350,1.12,A1963T,L_protein,G5887A,G to A,nonsynonymous SNV,89,gr2a_bl_lung,No,G5887A,A1963T,-
gr2a_bl_lung.fastq.gz,L_protein M1967L,19362,1.06,M1967L,L_protein,A5899C,A to C,nonsynonymous SNV,94,gr2a_bl_lung,No,A5899C,M1967L,-
gr2a_bl_lung.fastq.gz,L_protein I1985T,19417,1.02,I1985T,L_protein,T5954C,T to C,nonsynonymous SNV,98,gr2a_bl_lung,No,T5954C,I1985T,-
gr2a_bl_lung.fastq.gz,L_protein V2014V,19505,1.01,V2014V,L_protein,A6042G,A to G,synonymous SNV,99,gr2a_bl_lung,No,A6042G,V2014V,-
gr2a_bl_lung.fastq.gz,L_protein L2016L,19511,1.02,L2016L,L_protein,T6048A,T to A,synonymous SNV,98,gr2a_bl_lung,No,T6048A,L2016L,-
gr2a_bl_lung.fastq.gz,L_protein V2023A,19531,1.01,V2023A,L_protein,T6068C,T to C,nonsynonymous SNV,99,gr2a_bl_lung,No,T6068C,V2023A,-
gr2a_bl_lung.fastq.gz,L_protein S2036S,19571,1.22,S2036S,L_protein,T6108A,T to A,synonymous SNV,82,gr2a_bl_lung,No,T6108A,S2036S,-
gr2a_bl_lung.fastq.gz,L_protein E2041G,19585,1.25,E2041G,L_protein,A6122G,A to G,nonsynonymous SNV,80,gr2a_bl_lung,No,A6122G,E2041G,-
gr2a_bl_lung.fastq.gz,L_protein K2068Q,19665,1.59,K2068Q,L_protein,A6202C,A to C,nonsynonymous SNV,63,gr2a_bl_lung,No,A6202C,K2068Q,-
gr2a_bl_lung.fastq.gz,L_protein L2090F,19731,1.41,L2090F,L_protein,C6268T,C to T,nonsynonymous SNV,71,gr2a_bl_lung,No,C6268T,L2090F,-
gr2a_bl_lung.fastq.gz,L_protein L2094Q,19744,1.41,L2094Q,L_protein,T6281A,T to A,nonsynonymous SNV,71,gr2a_bl_lung,No,T6281A,L2094Q,-
gr2a_bl_lung.fastq.gz,L_protein V2221D,20125,1.64,V2221D,L_protein,T6662A,T to A,complex,63,gr2a_bl_lung,No,T6662A,V2221D,-
gr2a_bl_lung.fastq.gz,L_protein V2221V,20126,4.62,V2221V,L_protein,T6663C,T to C,complex,65,gr2a_bl_lung,No,T6663C,V2221V,-
gr2a_bl_lung.fastq.gz,NP L18*,165,1.45,L18*,NP,T53A,T to A,stopgain,69,gr2a_bl_lung,No,T53A,L18*,-
gr2a_bl_lung.fastq.gz,P K406*,5667,1.33,K406*,P,A1216T,A to T,stopgain,75,gr2a_bl_lung,No,A1216T,K406*,-
gr2a_bl_lung.fastq.gz,L_protein K2184*,20013,1.82,K2184*,L_protein,A6550T,A to T,stopgain,55,gr2a_bl_lung,No,A6550T,K2184*,-
gr2a_wh_lung.fastq.gz,NP F54S,273,1.03,F54S,NP,T161C,T to C,complex,97,gr2a_wh_lung,No,T161C,F54S,-
gr2a_wh_lung.fastq.gz,NP F54L,274,1,F54L,NP,T162G,T to G,complex,100,gr2a_wh_lung,No,T162G,F54L,-
gr2a_wh_lung.fastq.gz,NP Y80H,350,2.17,Y80H,NP,T238C,T to C,nonsynonymous SNV,92,gr2a_wh_lung,No,T238C,Y80H,-
gr2a_wh_lung.fastq.gz,NP R117G,461,1.14,R117G,NP,A349G,A to G,nonsynonymous SNV,175,gr2a_wh_lung,No,A349G,R117G,-
gr2a_wh_lung.fastq.gz,NP D157G,582,1.79,D157G,NP,A470G,A to G,nonsynonymous SNV,168,gr2a_wh_lung,No,A470G,D157G,-
gr2a_wh_lung.fastq.gz,NP V162V,598,1.22,V162V,NP,C486G,C to G,synonymous SNV,164,gr2a_wh_lung,No,C486G,V162V,-
gr2a_wh_lung.fastq.gz,NP K239R,828,1.01,K239R,NP,A716G,A to G,nonsynonymous SNV,99,gr2a_wh_lung,No,A716G,K239R,-
gr2a_wh_lung.fastq.gz,NP F287L,971,1.28,F287L,NP,T859C,T to C,nonsynonymous SNV,78,gr2a_wh_lung,No,T859C,F287L,-
gr2a_wh_lung.fastq.gz,NP K295R,996,1.28,K295R,NP,A884G,A to G,nonsynonymous SNV,78,gr2a_wh_lung,No,A884G,K295R,-
gr2a_wh_lung.fastq.gz,NP R307R,1033,1.49,R307R,NP,A921G,A to G,synonymous SNV,67,gr2a_wh_lung,No,A921G,R307R,-
gr2a_wh_lung.fastq.gz,NP Y310S,1041,1.37,Y310S,NP,A929C,A to C,nonsynonymous SNV,73,gr2a_wh_lung,No,A929C,Y310S,-
gr2a_wh_lung.fastq.gz,NP L314F,1052,1.28,L314F,NP,C940T,C to T,nonsynonymous SNV,78,gr2a_wh_lung,No,C940T,L314F,-
gr2a_wh_lung.fastq.gz,NP P328L,1095,1.11,P328L,NP,C983T,C to T,nonsynonymous SNV,90,gr2a_wh_lung,No,C983T,P328L,-
gr2a_wh_lung.fastq.gz,NP I350V,1160,1.18,I350V,NP,A1048G,A to G,nonsynonymous SNV,85,gr2a_wh_lung,No,A1048G,I350V,-
gr2a_wh_lung.fastq.gz,NP D375G,1236,1.18,D375G,NP,A1124G,A to G,nonsynonymous SNV,85,gr2a_wh_lung,No,A1124G,D375G,-
gr2a_wh_lung.fastq.gz,NP N377S,1242,1.2,N377S,NP,A1130G,A to G,nonsynonymous SNV,83,gr2a_wh_lung,No,A1130G,N377S,-
gr2a_wh_lung.fastq.gz,NP S386S,1270,1.15,S386S,NP,A1158C,A to C,synonymous SNV,87,gr2a_wh_lung,No,A1158C,S386S,-
gr2a_wh_lung.fastq.gz,NP N387D,1271,1.19,N387D,NP,A1159G,A to G,nonsynonymous SNV,84,gr2a_wh_lung,No,A1159G,N387D,-
gr2a_wh_lung.fastq.gz,NP L392L,1288,1.14,L392L,NP,C1176T,C to T,synonymous SNV,88,gr2a_wh_lung,No,C1176T,L392L,-
gr2a_wh_lung.fastq.gz,NP A394A,1294,1.14,A394A,NP,C1182T,C to T,synonymous SNV,88,gr2a_wh_lung,No,C1182T,A394A,-
gr2a_wh_lung.fastq.gz,NP A395T,1295,1.12,A395T,NP,G1183A,G to A,nonsynonymous SNV,89,gr2a_wh_lung,No,G1183A,A395T,-
gr2a_wh_lung.fastq.gz,NP S425R,1387,1.22,S425R,NP,T1275A,T to A,nonsynonymous SNV,82,gr2a_wh_lung,No,T1275A,S425R,-
gr2a_wh_lung.fastq.gz,NP V444A,1443,1.45,V444A,NP,T1331C,T to C,nonsynonymous SNV,69,gr2a_wh_lung,No,T1331C,V444A,-
gr2a_wh_lung.fastq.gz,NP S467S,1513,1.64,S467S,NP,A1401T,A to T,synonymous SNV,61,gr2a_wh_lung,No,A1401T,S467S,-
gr2a_wh_lung.fastq.gz,NP G468G,1516,1.56,G468G,NP,T1404G,T to G,synonymous SNV,64,gr2a_wh_lung,No,T1404G,G468G,-
gr2a_wh_lung.fastq.gz,NP R480R,1552,1.54,R480R,NP,A1440G,A to G,synonymous SNV,65,gr2a_wh_lung,No,A1440G,R480R,-
gr2a_wh_lung.fastq.gz,NP A485G,1566,1.52,A485G,NP,C1454G,C to G,nonsynonymous SNV,66,gr2a_wh_lung,No,C1454G,A485G,-
gr2a_wh_lung.fastq.gz,NP K505E,1625,1.82,K505E,NP,A1513G,A to G,nonsynonymous SNV,55,gr2a_wh_lung,No,A1513G,K505E,-
gr2a_wh_lung.fastq.gz,NP E511D,1645,1.89,E511D,NP,A1533T,A to T,nonsynonymous SNV,53,gr2a_wh_lung,No,A1533T,E511D,-
gr2a_wh_lung.fastq.gz,NP N515N,1657,1.92,N515N,NP,C1545T,C to T,synonymous SNV,52,gr2a_wh_lung,No,C1545T,N515N,-
gr2a_wh_lung.fastq.gz,GLuc L6L,2423,1.61,L6L,GLuc,G18C,G to C,synonymous SNV,62,gr2a_wh_lung,No,G18C,L6L,-
gr2a_wh_lung.fastq.gz,GLuc F7Y,2425,1.67,F7Y,GLuc,T20A,T to A,nonsynonymous SNV,60,gr2a_wh_lung,No,T20A,F7Y,-
gr2a_wh_lung.fastq.gz,GLuc L9Q,2431,1.64,L9Q,GLuc,T26A,T to A,nonsynonymous SNV,61,gr2a_wh_lung,No,T26A,L9Q,-
gr2a_wh_lung.fastq.gz,GLuc I12V,2439,1.61,I12V,GLuc,A34G,A to G,nonsynonymous SNV,62,gr2a_wh_lung,No,A34G,I12V,-
gr2a_wh_lung.fastq.gz,GLuc N23S,2473,2.78,N23S,GLuc,A68G,A to G,nonsynonymous SNV,72,gr2a_wh_lung,No,A68G,N23S,-
gr2a_wh_lung.fastq.gz,GLuc I28F,2487,1.35,I28F,GLuc,A82T,A to T,complex,74,gr2a_wh_lung,No,A82T,I28F,-
gr2a_wh_lung.fastq.gz,GLuc I28N,2488,1.37,I28N,GLuc,T83A,T to A,complex,73,gr2a_wh_lung,No,T83A,I28N,-
gr2a_wh_lung.fastq.gz,GLuc L40L,2525,1.19,L40L,GLuc,C120G,C to G,synonymous SNV,84,gr2a_wh_lung,No,C120G,L40L,-
gr2a_wh_lung.fastq.gz,eGFP V56M,3192,1.27,V56M,eGFP,G166A,G to A,nonsynonymous SNV,158,gr2a_wh_lung,No,G166A,V56M,-
gr2a_wh_lung.fastq.gz,eGFP N106D,3342,1.37,N106D,eGFP,A316G,A to G,nonsynonymous SNV,146,gr2a_wh_lung,No,A316G,N106D,-
gr2a_wh_lung.fastq.gz,eGFP V225M,3699,1.28,V225M,eGFP,G673A,G to A,nonsynonymous SNV,78,gr2a_wh_lung,No,G673A,V225M,-
gr2a_wh_lung.fastq.gz,eGFP T231T,3719,1.61,T231T,eGFP,T693C,T to C,synonymous SNV,62,gr2a_wh_lung,No,T693C,T231T,-
gr2a_wh_lung.fastq.gz,P Q35Q,4556,1.85,Q35Q,P,A105G,A to G,synonymous SNV,54,gr2a_wh_lung,No,A105G,Q35Q,-
gr2a_wh_lung.fastq.gz,P G62V,4636,1.09,G62V,P,G185T,G to T,nonsynonymous SNV,92,gr2a_wh_lung,No,G185T,G62V,-
gr2a_wh_lung.fastq.gz,P M63I,4640,1.1,M63I,P,G189A,G to A,nonsynonymous SNV,91,gr2a_wh_lung,No,G189A,M63I,-
gr2a_wh_lung.fastq.gz,P S64F,4642,1.09,S64F,P,C191T,C to T,nonsynonymous SNV,92,gr2a_wh_lung,No,C191T,S64F,-
gr2a_wh_lung.fastq.gz,P G127R,4830,1.08,G127R,P,G379C,G to C,nonsynonymous SNV,93,gr2a_wh_lung,No,G379C,G127R,-
gr2a_wh_lung.fastq.gz,P K167K,4952,1.64,K167K,P,A501G,A to G,synonymous SNV,61,gr2a_wh_lung,No,A501G,K167K,-
gr2a_wh_lung.fastq.gz,P K203R,5059,1.61,K203R,P,A608G,A to G,nonsynonymous SNV,62,gr2a_wh_lung,No,A608G,K203R,-
gr2a_wh_lung.fastq.gz,P Y238F,5164,1.28,Y238F,P,A713T,A to T,nonsynonymous SNV,78,gr2a_wh_lung,No,A713T,Y238F,-
gr2a_wh_lung.fastq.gz,P E243G,5179,1.3,E243G,P,A728G,A to G,nonsynonymous SNV,77,gr2a_wh_lung,No,A728G,E243G,-
gr2a_wh_lung.fastq.gz,P E251V,5203,1.2,E251V,P,A752T,A to T,nonsynonymous SNV,83,gr2a_wh_lung,No,A752T,E251V,-
gr2a_wh_lung.fastq.gz,P D252N,5205,1.22,D252N,P,G754A,G to A,nonsynonymous SNV,82,gr2a_wh_lung,No,G754A,D252N,-
gr2a_wh_lung.fastq.gz,P A255G,5215,1.14,A255G,P,C764G,C to G,nonsynonymous SNV,88,gr2a_wh_lung,No,C764G,A255G,-
gr2a_wh_lung.fastq.gz,P P279L,5287,1.43,P279L,P,C836T,C to T,nonsynonymous SNV,70,gr2a_wh_lung,No,C836T,P279L,-
gr2a_wh_lung.fastq.gz,P G284G,5303,1.45,G284G,P,A852G,A to G,synonymous SNV,69,gr2a_wh_lung,No,A852G,G284G,-
gr2a_wh_lung.fastq.gz,P P326P,5429,1.43,P326P,P,T978C,T to C,synonymous SNV,70,gr2a_wh_lung,No,T978C,P326P,-
gr2a_wh_lung.fastq.gz,P C334S,5451,1.32,C334S,P,T1000A,T to A,nonsynonymous SNV,76,gr2a_wh_lung,No,T1000A,C334S,-
gr2a_wh_lung.fastq.gz,P E369E,5558,1.82,E369E,P,G1107A,G to A,synonymous SNV,55,gr2a_wh_lung,No,G1107A,E369E,-
gr2a_wh_lung.fastq.gz,P V452A,5806,2.13,V452A,P,T1355C,T to C,nonsynonymous SNV,47,gr2a_wh_lung,No,T1355C,V452A,-
gr2a_wh_lung.fastq.gz,P P453S,5808,2.13,P453S,P,C1357T,C to T,nonsynonymous SNV,47,gr2a_wh_lung,No,C1357T,P453S,-
gr2a_wh_lung.fastq.gz,P T454I,5812,2.08,T454I,P,C1361T,C to T,nonsynonymous SNV,48,gr2a_wh_lung,No,C1361T,T454I,-
gr2a_wh_lung.fastq.gz,P S485L,5905,2.5,S485L,P,C1454T,C to T,nonsynonymous SNV,40,gr2a_wh_lung,No,C1454T,S485L,-
gr2a_wh_lung.fastq.gz,P V516V,5999,2.38,V516V,P,T1548A,T to A,synonymous SNV,42,gr2a_wh_lung,No,T1548A,V516V,-
gr2a_wh_lung.fastq.gz,P V540D,6070,1.92,V540D,P,T1619A,T to A,nonsynonymous SNV,52,gr2a_wh_lung,No,T1619A,V540D,-
gr2a_wh_lung.fastq.gz,P P544A,6081,1.82,P544A,P,C1630G,C to G,complex,55,gr2a_wh_lung,No,C1630G,P544A,-
gr2a_wh_lung.fastq.gz,P P544R,6082,1.82,P544R,P,C1631G,C to G,complex,55,gr2a_wh_lung,No,C1631G,P544R,-
gr2a_wh_lung.fastq.gz,P L550I,6099,1.89,L550I,P,C1648A,C to A,nonsynonymous SNV,53,gr2a_wh_lung,No,C1648A,L550I,-
gr2a_wh_lung.fastq.gz,P R555S,6116,1.85,R555S,P,G1665T,G to T,nonsynonymous SNV,54,gr2a_wh_lung,No,G1665T,R555S,-
gr2a_wh_lung.fastq.gz,P V572V,6167,1.45,V572V,P,T1716C,T to C,synonymous SNV,69,gr2a_wh_lung,No,T1716C,V572V,-
gr2a_wh_lung.fastq.gz,P S590R,6219,1.49,S590R,P,A1768C,A to C,nonsynonymous SNV,67,gr2a_wh_lung,No,A1768C,S590R,-
gr2a_wh_lung.fastq.gz,P R600R,6249,1.89,R600R,P,A1798C,A to C,synonymous SNV,53,gr2a_wh_lung,No,A1798C,R600R,-
gr2a_wh_lung.fastq.gz,P F609F,6278,2.17,F609F,P,C1827T,C to T,synonymous SNV,46,gr2a_wh_lung,No,C1827T,F609F,-
gr2a_wh_lung.fastq.gz,P K665N,6446,1.92,K665N,P,G1995T,G to T,nonsynonymous SNV,52,gr2a_wh_lung,No,G1995T,K665N,-
gr2a_wh_lung.fastq.gz,P I668I,6455,1.82,I668I,P,A2004T,A to T,synonymous SNV,55,gr2a_wh_lung,No,A2004T,I668I,-
gr2a_wh_lung.fastq.gz,P D706G,6568,2.04,D706G,P,A2117G,A to G,nonsynonymous SNV,49,gr2a_wh_lung,No,A2117G,D706G,-
gr2a_wh_lung.fastq.gz,M G53R,7310,1.92,G53R,M,G157A,G to A,nonsynonymous SNV,52,gr2a_wh_lung,No,G157A,G53R,-
gr2a_wh_lung.fastq.gz,M C67C,7354,1.96,C67C,M,T201C,T to C,synonymous SNV,51,gr2a_wh_lung,No,T201C,C67C,-
gr2a_wh_lung.fastq.gz,M K114N,7495,2.13,K114N,M,A342T,A to T,nonsynonymous SNV,47,gr2a_wh_lung,No,A342T,K114N,-
gr2a_wh_lung.fastq.gz,M K167E,7652,2.17,K167E,M,A499G,A to G,nonsynonymous SNV,46,gr2a_wh_lung,No,A499G,K167E,-
gr2a_wh_lung.fastq.gz,M A170A,7663,2.5,A170A,M,C510A,C to A,synonymous SNV,40,gr2a_wh_lung,No,C510A,A170A,-
gr2a_wh_lung.fastq.gz,M F230Y,7842,2.94,F230Y,M,T689A,T to A,nonsynonymous SNV,34,gr2a_wh_lung,No,T689A,F230Y,-
gr2a_wh_lung.fastq.gz,M R261R,7936,3.03,R261R,M,G783A,G to A,synonymous SNV,33,gr2a_wh_lung,No,G783A,R261R,-
gr2a_wh_lung.fastq.gz,M K286K,8011,8.7,K286K,M,A858G,A to G,synonymous SNV,23,gr2a_wh_lung,No,A858G,K286K,-
gr2a_wh_lung.fastq.gz,M G293G,8032,4.55,G293G,M,T879A,T to A,synonymous SNV,22,gr2a_wh_lung,No,T879A,G293G,-
gr2a_wh_lung.fastq.gz,M D304V,8064,5,D304V,M,A911T,A to T,nonsynonymous SNV,20,gr2a_wh_lung,No,A911T,D304V,-
gr2a_wh_lung.fastq.gz,M D344E,8185,5.26,D344E,M,C1032G,C to G,nonsynonymous SNV,19,gr2a_wh_lung,No,C1032G,D344E,-
gr2a_wh_lung.fastq.gz,F S69F,8911,2.78,S69F,F,C206T,C to T,nonsynonymous SNV,36,gr2a_wh_lung,No,C206T,S69F,-
gr2a_wh_lung.fastq.gz,F L83S,8953,2.33,L83S,F,T248C,T to C,complex,43,gr2a_wh_lung,No,T248C,L83S,-
gr2a_wh_lung.fastq.gz,F L83L,8954,2.33,L83L,F,A249G,A to G,complex,43,gr2a_wh_lung,No,A249G,L83L,-
gr2a_wh_lung.fastq.gz,F V108V,9029,2.27,V108V,F,A324G,A to G,synonymous SNV,44,gr2a_wh_lung,No,A324G,V108V,-
gr2a_wh_lung.fastq.gz,F C192S,9279,4,C192S,F,T574A,T to A,nonsynonymous SNV,25,gr2a_wh_lung,No,T574A,C192S,-
gr2a_wh_lung.fastq.gz,F K193K,9284,5,K193K,F,A579G,A to G,synonymous SNV,20,gr2a_wh_lung,No,A579G,K193K,-
gr2a_wh_lung.fastq.gz,F A202A,9311,4,A202A,F,A606G,A to G,synonymous SNV,25,gr2a_wh_lung,No,A606G,A202A,-
gr2a_wh_lung.fastq.gz,F L211I,9336,4.17,L211I,F,C631A,C to A,nonsynonymous SNV,24,gr2a_wh_lung,No,C631A,L211I,-
gr2a_wh_lung.fastq.gz,F I262M,9491,1.96,I262M,F,A786G,A to G,nonsynonymous SNV,51,gr2a_wh_lung,No,A786G,I262M,-
gr2a_wh_lung.fastq.gz,F T263A,9492,1.92,T263A,F,A787G,A to G,nonsynonymous SNV,52,gr2a_wh_lung,No,A787G,T263A,-
gr2a_wh_lung.fastq.gz,F I284V,9555,2.22,I284V,F,A850G,A to G,nonsynonymous SNV,45,gr2a_wh_lung,No,A850G,I284V,-
gr2a_wh_lung.fastq.gz,F Q294Q,9587,2.56,Q294Q,F,A882G,A to G,synonymous SNV,39,gr2a_wh_lung,No,A882G,Q294Q,-
gr2a_wh_lung.fastq.gz,F N303N,9614,9.09,N303N,F,T909C,T to C,synonymous SNV,33,gr2a_wh_lung,No,T909C,N303N,-
gr2a_wh_lung.fastq.gz,F S306S,9623,3.57,S306S,F,A918G,A to G,synonymous SNV,28,gr2a_wh_lung,No,A918G,S306S,-
gr2a_wh_lung.fastq.gz,F E361G,9787,2.22,E361G,F,A1082G,A to G,nonsynonymous SNV,45,gr2a_wh_lung,No,A1082G,E361G,-
gr2a_wh_lung.fastq.gz,F L378L,9837,2.17,L378L,F,C1132T,C to T,synonymous SNV,46,gr2a_wh_lung,No,C1132T,L378L,-
gr2a_wh_lung.fastq.gz,F S379P,9840,2.27,S379P,F,T1135C,T to C,nonsynonymous SNV,44,gr2a_wh_lung,No,T1135C,S379P,-
gr2a_wh_lung.fastq.gz,F S402S,9911,2.17,S402S,F,A1206T,A to T,synonymous SNV,46,gr2a_wh_lung,No,A1206T,S402S,-
gr2a_wh_lung.fastq.gz,F I456V,10071,3.33,I456V,F,A1366G,A to G,nonsynonymous SNV,30,gr2a_wh_lung,No,A1366G,I456V,-
gr2a_wh_lung.fastq.gz,F L500L,10203,7.69,L500L,F,C1498T,C to T,synonymous SNV,13,gr2a_wh_lung,No,C1498T,L500L,-
gr2a_wh_lung.fastq.gz,F V518D,10258,6.67,V518D,F,T1553A,T to A,nonsynonymous SNV,15,gr2a_wh_lung,No,T1553A,V518D,-
gr2a_wh_lung.fastq.gz,F N523T,10273,7.14,N523T,F,A1568C,A to C,nonsynonymous SNV,14,gr2a_wh_lung,No,A1568C,N523T,-
gr2a_wh_lung.fastq.gz,glycoprotein S5N,11008,4,S5N,glycoprotein,G14A,G to A,nonsynonymous SNV,25,gr2a_wh_lung,No,G14A,S5N,-
gr2a_wh_lung.fastq.gz,glycoprotein E11K,11025,3.57,E11K,glycoprotein,G31A,G to A,nonsynonymous SNV,28,gr2a_wh_lung,No,G31A,E11K,-
gr2a_wh_lung.fastq.gz,glycoprotein P165T,11487,2.38,P165T,glycoprotein,C493A,C to A,nonsynonymous SNV,42,gr2a_wh_lung,No,C493A,P165T,-
gr2a_wh_lung.fastq.gz,glycoprotein S179S,11531,2.5,S179S,glycoprotein,C537T,C to T,synonymous SNV,40,gr2a_wh_lung,No,C537T,S179S,-
gr2a_wh_lung.fastq.gz,glycoprotein G183G,11543,2.56,G183G,glycoprotein,A549G,A to G,synonymous SNV,39,gr2a_wh_lung,No,A549G,G183G,-
gr2a_wh_lung.fastq.gz,glycoprotein M267L,11793,2.04,M267L,glycoprotein,A799T,A to T,nonsynonymous SNV,49,gr2a_wh_lung,No,A799T,M267L,-
gr2a_wh_lung.fastq.gz,glycoprotein F428L,12276,4.55,F428L,glycoprotein,T1282C,T to C,nonsynonymous SNV,22,gr2a_wh_lung,No,T1282C,F428L,-
gr2a_wh_lung.fastq.gz,glycoprotein R480R,12434,3.33,R480R,glycoprotein,T1440A,T to A,synonymous SNV,30,gr2a_wh_lung,No,T1440A,R480R,-
gr2a_wh_lung.fastq.gz,glycoprotein A511A,12527,2.78,A511A,glycoprotein,C1533T,C to T,synonymous SNV,36,gr2a_wh_lung,No,C1533T,A511A,-
gr2a_wh_lung.fastq.gz,glycoprotein T531T,12587,2.94,T531T,glycoprotein,C1593T,C to T,synonymous SNV,34,gr2a_wh_lung,No,C1593T,T531T,-
gr2a_wh_lung.fastq.gz,glycoprotein L546L,12632,3.03,L546L,glycoprotein,T1638A,T to A,synonymous SNV,33,gr2a_wh_lung,No,T1638A,L546L,-
gr2a_wh_lung.fastq.gz,glycoprotein K560K,12674,3.7,K560K,glycoprotein,A1680G,A to G,synonymous SNV,27,gr2a_wh_lung,No,A1680G,K560K,-
gr2a_wh_lung.fastq.gz,glycoprotein C574R,12714,3.85,C574R,glycoprotein,T1720C,T to C,nonsynonymous SNV,26,gr2a_wh_lung,No,T1720C,C574R,-
gr2a_wh_lung.fastq.gz,glycoprotein D585E,12749,4.76,D585E,glycoprotein,C1755G,C to G,nonsynonymous SNV,21,gr2a_wh_lung,No,C1755G,D585E,-
gr2a_wh_lung.fastq.gz,glycoprotein N586D,12750,4.76,N586D,glycoprotein,A1756G,A to G,nonsynonymous SNV,21,gr2a_wh_lung,No,A1756G,N586D,-
gr2a_wh_lung.fastq.gz,L_protein R58G,13635,5.88,R58G,L_protein,A172G,A to G,nonsynonymous SNV,17,gr2a_wh_lung,No,A172G,R58G,-
gr2a_wh_lung.fastq.gz,L_protein K116R,13810,7.14,K116R,L_protein,A347G,A to G,nonsynonymous SNV,14,gr2a_wh_lung,No,A347G,K116R,-
gr2a_wh_lung.fastq.gz,L_protein D140N,13881,6.25,D140N,L_protein,G418A,G to A,nonsynonymous SNV,16,gr2a_wh_lung,No,G418A,D140N,-
gr2a_wh_lung.fastq.gz,L_protein A182A,14009,4.76,A182A,L_protein,A546G,A to G,synonymous SNV,21,gr2a_wh_lung,No,A546G,A182A,-
gr2a_wh_lung.fastq.gz,L_protein V241A,14185,2.27,V241A,L_protein,T722C,T to C,nonsynonymous SNV,44,gr2a_wh_lung,No,T722C,V241A,-
gr2a_wh_lung.fastq.gz,L_protein E243V,14191,4.44,E243V,L_protein,A728T,A to T,complex,45,gr2a_wh_lung,No,A728T,E243V,-
gr2a_wh_lung.fastq.gz,L_protein E243D,14192,4.35,E243D,L_protein,A729C,A to C,complex,46,gr2a_wh_lung,No,A729C,E243D,-
gr2a_wh_lung.fastq.gz,L_protein R264R,14255,2.13,R264R,L_protein,G792A,G to A,synonymous SNV,47,gr2a_wh_lung,No,G792A,R264R,-
gr2a_wh_lung.fastq.gz,L_protein Q321E,14424,2.27,Q321E,L_protein,C961G,C to G,nonsynonymous SNV,44,gr2a_wh_lung,No,C961G,Q321E,-
gr2a_wh_lung.fastq.gz,L_protein I350I,14513,2.56,I350I,L_protein,A1050T,A to T,synonymous SNV,39,gr2a_wh_lung,No,A1050T,I350I,-
gr2a_wh_lung.fastq.gz,L_protein R410G,14691,3.23,R410G,L_protein,A1228G,A to G,nonsynonymous SNV,31,gr2a_wh_lung,No,A1228G,R410G,-
gr2a_wh_lung.fastq.gz,L_protein D484V,14914,2.08,D484V,L_protein,A1451T,A to T,nonsynonymous SNV,48,gr2a_wh_lung,No,A1451T,D484V,-
gr2a_wh_lung.fastq.gz,L_protein L592W,15238,1.79,L592W,L_protein,T1775G,T to G,nonsynonymous SNV,56,gr2a_wh_lung,No,T1775G,L592W,-
gr2a_wh_lung.fastq.gz,L_protein N650S,15412,2.63,N650S,L_protein,A1949G,A to G,nonsynonymous SNV,38,gr2a_wh_lung,No,A1949G,N650S,-
gr2a_wh_lung.fastq.gz,L_protein N689S,15529,2.56,N689S,L_protein,A2066G,A to G,nonsynonymous SNV,39,gr2a_wh_lung,No,A2066G,N689S,-
gr2a_wh_lung.fastq.gz,L_protein Y732C,15658,2.7,Y732C,L_protein,A2195G,A to G,nonsynonymous SNV,37,gr2a_wh_lung,No,A2195G,Y732C,-
gr2a_wh_lung.fastq.gz,L_protein F738Y,15676,2.78,F738Y,L_protein,T2213A,T to A,nonsynonymous SNV,36,gr2a_wh_lung,No,T2213A,F738Y,-
gr2a_wh_lung.fastq.gz,L_protein R867G,16062,1.64,R867G,L_protein,A2599G,A to G,nonsynonymous SNV,61,gr2a_wh_lung,No,A2599G,R867G,-
gr2a_wh_lung.fastq.gz,L_protein H875L,16087,1.96,H875L,L_protein,A2624T,A to T,nonsynonymous SNV,51,gr2a_wh_lung,No,A2624T,H875L,-
gr2a_wh_lung.fastq.gz,L_protein R924G,16233,2.17,R924G,L_protein,A2770G,A to G,nonsynonymous SNV,46,gr2a_wh_lung,No,A2770G,R924G,-
gr2a_wh_lung.fastq.gz,L_protein N929S,16249,2.38,N929S,L_protein,A2786G,A to G,nonsynonymous SNV,42,gr2a_wh_lung,No,A2786G,N929S,-
gr2a_wh_lung.fastq.gz,L_protein G947D,16303,1.64,G947D,L_protein,G2840A,G to A,nonsynonymous SNV,61,gr2a_wh_lung,No,G2840A,G947D,-
gr2a_wh_lung.fastq.gz,L_protein E969G,16369,4.41,E969G,L_protein,A2906G,A to G,nonsynonymous SNV,68,gr2a_wh_lung,No,A2906G,E969G,-
gr2a_wh_lung.fastq.gz,L_protein A1018A,16517,1.79,A1018A,L_protein,A3054G,A to G,synonymous SNV,56,gr2a_wh_lung,No,A3054G,A1018A,-
gr2a_wh_lung.fastq.gz,L_protein E1044G,16594,1.85,E1044G,L_protein,A3131G,A to G,nonsynonymous SNV,54,gr2a_wh_lung,No,A3131G,E1044G,-
gr2a_wh_lung.fastq.gz,L_protein P1045P,16598,1.72,P1045P,L_protein,T3135A,T to A,synonymous SNV,58,gr2a_wh_lung,No,T3135A,P1045P,-
gr2a_wh_lung.fastq.gz,L_protein D1047E,16604,1.72,D1047E,L_protein,T3141G,T to G,nonsynonymous SNV,58,gr2a_wh_lung,No,T3141G,D1047E,-
gr2a_wh_lung.fastq.gz,L_protein F1093F,16742,1.75,F1093F,L_protein,T3279C,T to C,synonymous SNV,57,gr2a_wh_lung,No,T3279C,F1093F,-
gr2a_wh_lung.fastq.gz,L_protein A1105T,16776,1.89,A1105T,L_protein,G3313A,G to A,nonsynonymous SNV,53,gr2a_wh_lung,No,G3313A,A1105T,-
gr2a_wh_lung.fastq.gz,L_protein K1151K,16916,1.85,K1151K,L_protein,G3453A,G to A,synonymous SNV,54,gr2a_wh_lung,No,G3453A,K1151K,-
gr2a_wh_lung.fastq.gz,L_protein K1175K,16988,2.5,K1175K,L_protein,A3525G,A to G,synonymous SNV,40,gr2a_wh_lung,No,A3525G,K1175K,-
gr2a_wh_lung.fastq.gz,L_protein L1185S,17017,2.5,L1185S,L_protein,T3554C,T to C,nonsynonymous SNV,40,gr2a_wh_lung,No,T3554C,L1185S,-
gr2a_wh_lung.fastq.gz,L_protein L1199L,17058,2.7,L1199L,L_protein,T3595C,T to C,synonymous SNV,37,gr2a_wh_lung,No,T3595C,L1199L,-
gr2a_wh_lung.fastq.gz,L_protein V1212A,17098,2,V1212A,L_protein,T3635C,T to C,nonsynonymous SNV,50,gr2a_wh_lung,No,T3635C,V1212A,-
gr2a_wh_lung.fastq.gz,L_protein T1231A,17154,1.89,T1231A,L_protein,A3691G,A to G,nonsynonymous SNV,53,gr2a_wh_lung,No,A3691G,T1231A,-
gr2a_wh_lung.fastq.gz,L_protein P1252P,17219,2.22,P1252P,L_protein,T3756G,T to G,synonymous SNV,45,gr2a_wh_lung,No,T3756G,P1252P,-
gr2a_wh_lung.fastq.gz,L_protein G1273A,17281,2.08,G1273A,L_protein,G3818C,G to C,nonsynonymous SNV,48,gr2a_wh_lung,No,G3818C,G1273A,-
gr2a_wh_lung.fastq.gz,L_protein Y1308S,17386,2.04,Y1308S,L_protein,A3923C,A to C,nonsynonymous SNV,49,gr2a_wh_lung,No,A3923C,Y1308S,-
gr2a_wh_lung.fastq.gz,L_protein I1328T,17446,2.5,I1328T,L_protein,T3983C,T to C,nonsynonymous SNV,40,gr2a_wh_lung,No,T3983C,I1328T,-
gr2a_wh_lung.fastq.gz,L_protein L1333S,17461,2.78,L1333S,L_protein,T3998C,T to C,nonsynonymous SNV,36,gr2a_wh_lung,No,T3998C,L1333S,-
gr2a_wh_lung.fastq.gz,L_protein D1387D,17624,4.65,D1387D,L_protein,T4161C,T to C,synonymous SNV,43,gr2a_wh_lung,No,T4161C,D1387D,-
gr2a_wh_lung.fastq.gz,L_protein M1396I,17651,5.56,M1396I,L_protein,G4188A,G to A,nonsynonymous SNV,36,gr2a_wh_lung,No,G4188A,M1396I,-
gr2a_wh_lung.fastq.gz,L_protein V1439E,17779,1.72,V1439E,L_protein,T4316A,T to A,nonsynonymous SNV,58,gr2a_wh_lung,No,T4316A,V1439E,-
gr2a_wh_lung.fastq.gz,L_protein T1449S,17808,3.28,T1449S,L_protein,A4345T,A to T,complex,61,gr2a_wh_lung,No,A4345T,T1449S,-
gr2a_wh_lung.fastq.gz,L_protein T1449N,17809,3.33,T1449N,L_protein,C4346A,C to A,complex,60,gr2a_wh_lung,No,C4346A,T1449N,-
gr2a_wh_lung.fastq.gz,L_protein N1454S,17824,1.69,N1454S,L_protein,A4361G,A to G,nonsynonymous SNV,59,gr2a_wh_lung,No,A4361G,N1454S,-
gr2a_wh_lung.fastq.gz,L_protein S1469S,17870,1.59,S1469S,L_protein,C4407T,C to T,synonymous SNV,63,gr2a_wh_lung,No,C4407T,S1469S,-
gr2a_wh_lung.fastq.gz,L_protein L1485V,17916,1.82,L1485V,L_protein,T4453G,T to G,nonsynonymous SNV,55,gr2a_wh_lung,No,T4453G,L1485V,-
gr2a_wh_lung.fastq.gz,L_protein L1495L,17948,2,L1495L,L_protein,T4485C,T to C,synonymous SNV,50,gr2a_wh_lung,No,T4485C,L1495L,-
gr2a_wh_lung.fastq.gz,L_protein T1508T,17987,2.33,T1508T,L_protein,A4524T,A to T,synonymous SNV,43,gr2a_wh_lung,No,A4524T,T1508T,-
gr2a_wh_lung.fastq.gz,L_protein A1520T,18021,4.55,A1520T,L_protein,G4558A,G to A,nonsynonymous SNV,44,gr2a_wh_lung,No,G4558A,A1520T,-
gr2a_wh_lung.fastq.gz,L_protein I1527I,18044,2.27,I1527I,L_protein,C4581A,C to A,synonymous SNV,44,gr2a_wh_lung,No,C4581A,I1527I,-
gr2a_wh_lung.fastq.gz,L_protein T1568A,18165,2.22,T1568A,L_protein,A4702G,A to G,nonsynonymous SNV,45,gr2a_wh_lung,No,A4702G,T1568A,-
gr2a_wh_lung.fastq.gz,L_protein L1573L,18182,2.22,L1573L,L_protein,G4719A,G to A,synonymous SNV,45,gr2a_wh_lung,No,G4719A,L1573L,-
gr2a_wh_lung.fastq.gz,L_protein L1592F,18239,4.26,L1592F,L_protein,G4776C,G to C,nonsynonymous SNV,47,gr2a_wh_lung,No,G4776C,L1592F,-
gr2a_wh_lung.fastq.gz,L_protein N1603D,18270,2.44,N1603D,L_protein,A4807G,A to G,nonsynonymous SNV,41,gr2a_wh_lung,No,A4807G,N1603D,-
gr2a_wh_lung.fastq.gz,L_protein L1636P,18370,2.44,L1636P,L_protein,T4907C,T to C,nonsynonymous SNV,41,gr2a_wh_lung,No,T4907C,L1636P,-
gr2a_wh_lung.fastq.gz,L_protein M1637T,18373,2.56,M1637T,L_protein,T4910C,T to C,nonsynonymous SNV,39,gr2a_wh_lung,No,T4910C,M1637T,-
gr2a_wh_lung.fastq.gz,L_protein N1638I,18376,5.13,N1638I,L_protein,A4913T,A to T,nonsynonymous SNV,39,gr2a_wh_lung,No,A4913T,N1638I,-
gr2a_wh_lung.fastq.gz,L_protein E1692K,18537,3.03,E1692K,L_protein,G5074A,G to A,nonsynonymous SNV,33,gr2a_wh_lung,No,G5074A,E1692K,-
gr2a_wh_lung.fastq.gz,L_protein T1729S,18648,2.86,T1729S,L_protein,A5185T,A to T,nonsynonymous SNV,35,gr2a_wh_lung,No,A5185T,T1729S,-
gr2a_wh_lung.fastq.gz,L_protein I1772T,18778,2.5,I1772T,L_protein,T5315C,T to C,nonsynonymous SNV,40,gr2a_wh_lung,No,T5315C,I1772T,-
gr2a_wh_lung.fastq.gz,L_protein G1774D,18784,2.56,G1774D,L_protein,G5321A,G to A,nonsynonymous SNV,39,gr2a_wh_lung,No,G5321A,G1774D,-
gr2a_wh_lung.fastq.gz,L_protein I1777L,18792,17.14,I1777L,L_protein,A5329T,A to T,nonsynonymous SNV,35,gr2a_wh_lung,No,A5329T,I1777L,-
gr2a_wh_lung.fastq.gz,L_protein A1837A,18974,1.52,A1837A,L_protein,T5511A,T to A,synonymous SNV,66,gr2a_wh_lung,No,T5511A,A1837A,-
gr2a_wh_lung.fastq.gz,L_protein G1845G,18998,1.32,G1845G,L_protein,T5535A,T to A,synonymous SNV,76,gr2a_wh_lung,No,T5535A,G1845G,-
gr2a_wh_lung.fastq.gz,L_protein L1936I,19269,1,L1936I,L_protein,C5806A,C to A,nonsynonymous SNV,100,gr2a_wh_lung,No,C5806A,L1936I,-
gr2a_wh_lung.fastq.gz,L_protein I1960K,19342,2.74,I1960K,L_protein,T5879A,T to A,nonsynonymous SNV,73,gr2a_wh_lung,No,T5879A,I1960K,-
gr2a_wh_lung.fastq.gz,L_protein S1961F,19345,1.39,S1961F,L_protein,C5882T,C to T,nonsynonymous SNV,72,gr2a_wh_lung,No,C5882T,S1961F,-
gr2a_wh_lung.fastq.gz,L_protein I1964K,19354,2.67,I1964K,L_protein,T5891A,T to A,nonsynonymous SNV,75,gr2a_wh_lung,No,T5891A,I1964K,-
gr2a_wh_lung.fastq.gz,L_protein A1978A,19397,1.1,A1978A,L_protein,A5934G,A to G,synonymous SNV,91,gr2a_wh_lung,No,A5934G,A1978A,-
gr2a_wh_lung.fastq.gz,L_protein T1980S,19401,1.11,T1980S,L_protein,A5938T,A to T,nonsynonymous SNV,90,gr2a_wh_lung,No,A5938T,T1980S,-
gr2a_wh_lung.fastq.gz,L_protein S1994T,19443,1.18,S1994T,L_protein,T5980A,T to A,nonsynonymous SNV,85,gr2a_wh_lung,No,T5980A,S1994T,-
gr2a_wh_lung.fastq.gz,L_protein S2011F,19495,1.33,S2011F,L_protein,C6032T,C to T,nonsynonymous SNV,75,gr2a_wh_lung,No,C6032T,S2011F,-
gr2a_wh_lung.fastq.gz,L_protein T2022T,19529,2.99,T2022T,L_protein,A6066C,A to C,synonymous SNV,67,gr2a_wh_lung,No,A6066C,T2022T,-
gr2a_wh_lung.fastq.gz,L_protein I2026V,19539,1.67,I2026V,L_protein,A6076G,A to G,nonsynonymous SNV,60,gr2a_wh_lung,No,A6076G,I2026V,-
gr2a_wh_lung.fastq.gz,L_protein E2034K,19563,2.63,E2034K,L_protein,G6100A,G to A,nonsynonymous SNV,38,gr2a_wh_lung,No,G6100A,E2034K,-
gr2a_wh_lung.fastq.gz,L_protein V2147A,19903,2.08,V2147A,L_protein,T6440C,T to C,nonsynonymous SNV,48,gr2a_wh_lung,No,T6440C,V2147A,-
gr2a_wh_lung.fastq.gz,L_protein K2203K,20072,2.63,K2203K,L_protein,G6609A,G to A,synonymous SNV,38,gr2a_wh_lung,No,G6609A,K2203K,-
gr2a_wh_lung.fastq.gz,NP W331*,1105,1.14,W331*,NP,G993A,G to A,stopgain,88,gr2a_wh_lung,No,G993A,W331*,-
gr2a_wh_lung.fastq.gz,NP S443*,1440,1.41,S443*,NP,C1328A,C to A,stopgain,71,gr2a_wh_lung,No,C1328A,S443*,-
gr2a_wh_lung.fastq.gz,eGFP Y238*,3740,1.67,Y238*,eGFP,C714G,C to G,stopgain,60,gr2a_wh_lung,No,C714G,Y238*,-
gr2a_wh_lung.fastq.gz,P Y212*,5087,1.47,Y212*,P,C636A,C to A,stopgain,68,gr2a_wh_lung,No,C636A,Y212*,-
gr2a_wh_lung.fastq.gz,P S472*,5866,2.22,S472*,P,C1415A,C to A,stopgain,45,gr2a_wh_lung,No,C1415A,S472*,-
gr2a_wh_lung.fastq.gz,F S204*,9316,4,S204*,F,C611A,C to A,stopgain,25,gr2a_wh_lung,No,C611A,S204*,-
gr2a_wh_lung.fastq.gz,L_protein K1142*,16887,3.51,K1142*,L_protein,A3424T,A to T,stopgain,57,gr2a_wh_lung,No,A3424T,K1142*,-
gr2a_wh_lung.fastq.gz,L_protein K1385*,17616,2.56,K1385*,L_protein,A4153T,A to T,stopgain,39,gr2a_wh_lung,No,A4153T,K1385*,-
gr2a_wh_lung.fastq.gz,L_protein L1409*,17689,2.13,L1409*,L_protein,T4226A,T to A,stopgain,47,gr2a_wh_lung,No,T4226A,L1409*,-
gr2a_wh_lung.fastq.gz,L_protein G1547*,18102,2.7,G1547*,L_protein,G4639T,G to T,stopgain,37,gr2a_wh_lung,No,G4639T,G1547*,-
gr2a_wh_lung.fastq.gz,L_protein K2154*,19923,4.26,K2154*,L_protein,A6460T,A to T,stopgain,47,gr2a_wh_lung,No,A6460T,K2154*,-
gr2a_yl_lung.fastq.gz,NP S2R,118,3.45,S2R,NP,T6G,T to G,nonsynonymous SNV,29,gr2a_yl_lung,No,T6G,S2R,-
gr2a_yl_lung.fastq.gz,NP L47L,253,1.14,L47L,NP,C141G,C to G,synonymous SNV,88,gr2a_yl_lung,No,C141G,L47L,-
gr2a_yl_lung.fastq.gz,NP R48R,254,1.14,R48R,NP,A142C,A to C,synonymous SNV,88,gr2a_yl_lung,No,A142C,R48R,-
gr2a_yl_lung.fastq.gz,NP A86T,368,3,A86T,NP,G256A,G to A,nonsynonymous SNV,100,gr2a_yl_lung,No,G256A,A86T,-
gr2a_yl_lung.fastq.gz,NP I271F,923,1.02,I271F,NP,A811T,A to T,nonsynonymous SNV,98,gr2a_yl_lung,No,A811T,I271F,-
gr2a_yl_lung.fastq.gz,NP L300H,1011,1.14,L300H,NP,T899A,T to A,nonsynonymous SNV,88,gr2a_yl_lung,No,T899A,L300H,-
gr2a_yl_lung.fastq.gz,NP A338P,1124,1.04,A338P,NP,G1012C,G to C,nonsynonymous SNV,96,gr2a_yl_lung,No,G1012C,A338P,-
gr2a_yl_lung.fastq.gz,NP T339I,1128,1.03,T339I,NP,C1016T,C to T,nonsynonymous SNV,97,gr2a_yl_lung,No,C1016T,T339I,-
gr2a_yl_lung.fastq.gz,NP T340T,1132,1.08,T340T,NP,T1020A,T to A,synonymous SNV,93,gr2a_yl_lung,No,T1020A,T340T,-
gr2a_yl_lung.fastq.gz,NP I341I,1135,1.05,I341I,NP,T1023A,T to A,synonymous SNV,95,gr2a_yl_lung,No,T1023A,I341I,-
gr2a_yl_lung.fastq.gz,NP G346R,1148,1.06,G346R,NP,G1036C,G to C,nonsynonymous SNV,94,gr2a_yl_lung,No,G1036C,G346R,-
gr2a_yl_lung.fastq.gz,NP E356G,1179,1.08,E356G,NP,A1067G,A to G,nonsynonymous SNV,93,gr2a_yl_lung,No,A1067G,E356G,-
gr2a_yl_lung.fastq.gz,NP M358I,1186,1.1,M358I,NP,G1074T,G to T,nonsynonymous SNV,91,gr2a_yl_lung,No,G1074T,M358I,-
gr2a_yl_lung.fastq.gz,NP N387N,1273,1.41,N387N,NP,T1161C,T to C,synonymous SNV,71,gr2a_yl_lung,No,T1161C,N387N,-
gr2a_yl_lung.fastq.gz,NP S406S,1330,1.35,S406S,NP,T1218C,T to C,synonymous SNV,74,gr2a_yl_lung,No,T1218C,S406S,-
gr2a_yl_lung.fastq.gz,NP V408A,1335,1.25,V408A,NP,T1223C,T to C,nonsynonymous SNV,80,gr2a_yl_lung,No,T1223C,V408A,-
gr2a_yl_lung.fastq.gz,NP S454C,1473,1.59,S454C,NP,C1361G,C to G,nonsynonymous SNV,63,gr2a_yl_lung,No,C1361G,S454C,-
gr2a_yl_lung.fastq.gz,NP A456A,1480,1.41,A456A,NP,T1368C,T to C,synonymous SNV,71,gr2a_yl_lung,No,T1368C,A456A,-
gr2a_yl_lung.fastq.gz,NP P460L,1491,1.43,P460L,NP,C1379T,C to T,nonsynonymous SNV,70,gr2a_yl_lung,No,C1379T,P460L,-
gr2a_yl_lung.fastq.gz,NP T473A,1529,3.17,T473A,NP,A1417G,A to G,nonsynonymous SNV,63,gr2a_yl_lung,No,A1417G,T473A,-
gr2a_yl_lung.fastq.gz,NP A485A,1567,1.52,A485A,NP,T1455C,T to C,synonymous SNV,66,gr2a_yl_lung,No,T1455C,A485A,-
gr2a_yl_lung.fastq.gz,NP D498D,1606,1.59,D498D,NP,T1494C,T to C,synonymous SNV,63,gr2a_yl_lung,No,T1494C,D498D,-
gr2a_yl_lung.fastq.gz,NP D531D,1705,1.47,D531D,NP,T1593C,T to C,synonymous SNV,68,gr2a_yl_lung,No,T1593C,D531D,-
gr2a_yl_lung.fastq.gz,GLuc T70S,2613,1.27,T70S,GLuc,A208T,A to T,nonsynonymous SNV,158,gr2a_yl_lung,No,A208T,T70S,-
gr2a_yl_lung.fastq.gz,eGFP G52S,3180,1.14,G52S,eGFP,G154A,G to A,complex,176,gr2a_yl_lung,No,G154A,G52S,-
gr2a_yl_lung.fastq.gz,eGFP G52V,3181,1.12,G52V,eGFP,G155T,G to T,complex,178,gr2a_yl_lung,No,G155T,G52V,-
gr2a_yl_lung.fastq.gz,eGFP D211N,3657,1.01,D211N,eGFP,G631A,G to A,nonsynonymous SNV,99,gr2a_yl_lung,No,G631A,D211N,-
gr2a_yl_lung.fastq.gz,eGFP K239R,3742,1.28,K239R,eGFP,A716G,A to G,nonsynonymous SNV,78,gr2a_yl_lung,No,A716G,K239R,-
gr2a_yl_lung.fastq.gz,P G10G,4481,1.79,G10G,P,C30T,C to T,synonymous SNV,56,gr2a_yl_lung,No,C30T,G10G,-
gr2a_yl_lung.fastq.gz,P E23D,4520,1.75,E23D,P,A69T,A to T,nonsynonymous SNV,57,gr2a_yl_lung,No,A69T,E23D,-
gr2a_yl_lung.fastq.gz,P Q25L,4525,3.28,Q25L,P,A74T,A to T,nonsynonymous SNV,61,gr2a_yl_lung,No,A74T,Q25L,-
gr2a_yl_lung.fastq.gz,P T42K,4576,1.43,T42K,P,C125A,C to A,nonsynonymous SNV,70,gr2a_yl_lung,No,C125A,T42K,-
gr2a_yl_lung.fastq.gz,P E60V,4630,1.41,E60V,P,A179T,A to T,nonsynonymous SNV,71,gr2a_yl_lung,No,A179T,E60V,-
gr2a_yl_lung.fastq.gz,P G62G,4637,1.41,G62G,P,A186G,A to G,synonymous SNV,71,gr2a_yl_lung,No,A186G,G62G,-
gr2a_yl_lung.fastq.gz,P P83T,4698,1.32,P83T,P,C247A,C to A,complex,76,gr2a_yl_lung,No,C247A,P83T,-
gr2a_yl_lung.fastq.gz,P P83P,4700,1.32,P83P,P,C249T,C to T,complex,76,gr2a_yl_lung,No,C249T,P83P,-
gr2a_yl_lung.fastq.gz,P T87S,4711,1.32,T87S,P,C260G,C to G,complex,76,gr2a_yl_lung,No,C260G,T87S,-
gr2a_yl_lung.fastq.gz,P T87T,4712,2.67,T87T,P,T261C,T to C,complex,75,gr2a_yl_lung,No,T261C,T87T,-
gr2a_yl_lung.fastq.gz,P R91K,4723,1.25,R91K,P,G272A,G to A,nonsynonymous SNV,80,gr2a_yl_lung,No,G272A,R91K,-
gr2a_yl_lung.fastq.gz,P D118D,4805,1.27,D118D,P,T354C,T to C,synonymous SNV,79,gr2a_yl_lung,No,T354C,D118D,-
gr2a_yl_lung.fastq.gz,P D147G,4891,1.1,D147G,P,A440G,A to G,nonsynonymous SNV,91,gr2a_yl_lung,No,A440G,D147G,-
gr2a_yl_lung.fastq.gz,P C149C,4898,1.1,C149C,P,T447C,T to C,synonymous SNV,91,gr2a_yl_lung,No,T447C,C149C,-
gr2a_yl_lung.fastq.gz,P V151E,4903,1.09,V151E,P,T452A,T to A,nonsynonymous SNV,92,gr2a_yl_lung,No,T452A,V151E,-
gr2a_yl_lung.fastq.gz,P V156V,4919,2.17,V156V,P,G468A,G to A,synonymous SNV,92,gr2a_yl_lung,No,G468A,V156V,-
gr2a_yl_lung.fastq.gz,P A160A,4931,1.1,A160A,P,T480A,T to A,synonymous SNV,91,gr2a_yl_lung,No,T480A,A160A,-
gr2a_yl_lung.fastq.gz,P P161T,4932,1.08,P161T,P,C481A,C to A,nonsynonymous SNV,93,gr2a_yl_lung,No,C481A,P161T,-
gr2a_yl_lung.fastq.gz,P S166T,4947,1.15,S166T,P,T496A,T to A,nonsynonymous SNV,87,gr2a_yl_lung,No,T496A,S166T,-
gr2a_yl_lung.fastq.gz,P V175V,4976,1.16,V175V,P,T525A,T to A,synonymous SNV,87,gr2a_yl_lung,No,T525A,V175V,-
gr2a_yl_lung.fastq.gz,P G185G,5006,1.19,G185G,P,A555G,A to G,synonymous SNV,84,gr2a_yl_lung,No,A555G,G185G,-
gr2a_yl_lung.fastq.gz,P N197K,5042,1.15,N197K,P,T591G,T to G,nonsynonymous SNV,87,gr2a_yl_lung,No,T591G,N197K,-
gr2a_yl_lung.fastq.gz,P L198P,5044,1.16,L198P,P,T593C,T to C,nonsynonymous SNV,86,gr2a_yl_lung,No,T593C,L198P,-
gr2a_yl_lung.fastq.gz,P T226I,5128,1.18,T226I,P,C677T,C to T,complex,85,gr2a_yl_lung,No,C677T,T226I,-
gr2a_yl_lung.fastq.gz,P T226T,5129,1.18,T226T,P,T678A,T to A,complex,85,gr2a_yl_lung,No,T678A,T226T,-
gr2a_yl_lung.fastq.gz,P D241N,5172,1.25,D241N,P,G721A,G to A,nonsynonymous SNV,80,gr2a_yl_lung,No,G721A,D241N,-
gr2a_yl_lung.fastq.gz,P G284G,5303,1.22,G284G,P,A852G,A to G,synonymous SNV,82,gr2a_yl_lung,No,A852G,G284G,-
gr2a_yl_lung.fastq.gz,P E331A,5443,1.43,E331A,P,A992C,A to C,nonsynonymous SNV,70,gr2a_yl_lung,No,A992C,E331A,-
gr2a_yl_lung.fastq.gz,P S335F,5455,1.47,S335F,P,C1004T,C to T,complex,68,gr2a_yl_lung,No,C1004T,S335F,-
gr2a_yl_lung.fastq.gz,P S335S,5456,1.45,S335S,P,T1005A,T to A,complex,69,gr2a_yl_lung,No,T1005A,S335S,-
gr2a_yl_lung.fastq.gz,P S337P,5460,1.56,S337P,P,T1009C,T to C,nonsynonymous SNV,64,gr2a_yl_lung,No,T1009C,S337P,-
gr2a_yl_lung.fastq.gz,P N349K,5498,1.72,N349K,P,T1047A,T to A,nonsynonymous SNV,58,gr2a_yl_lung,No,T1047A,N349K,-
gr2a_yl_lung.fastq.gz,P T408A,5673,2.27,T408A,P,A1222G,A to G,nonsynonymous SNV,44,gr2a_yl_lung,No,A1222G,T408A,-
gr2a_yl_lung.fastq.gz,P K559E,6126,3.77,K559E,P,A1675G,A to G,complex,53,gr2a_yl_lung,No,A1675G,K559E,-
gr2a_yl_lung.fastq.gz,P K559R,6127,1.85,K559R,P,A1676G,A to G,complex,54,gr2a_yl_lung,No,A1676G,K559R,-
gr2a_yl_lung.fastq.gz,P K581E,6192,1.56,K581E,P,A1741G,A to G,nonsynonymous SNV,64,gr2a_yl_lung,No,A1741G,K581E,-
gr2a_yl_lung.fastq.gz,P P596P,6239,1.85,P596P,P,A1788T,A to T,synonymous SNV,54,gr2a_yl_lung,No,A1788T,P596P,-
gr2a_yl_lung.fastq.gz,P D601V,6253,1.64,D601V,P,A1802T,A to T,nonsynonymous SNV,61,gr2a_yl_lung,No,A1802T,D601V,-
gr2a_yl_lung.fastq.gz,P F609L,6276,3.12,F609L,P,T1825C,T to C,nonsynonymous SNV,64,gr2a_yl_lung,No,T1825C,F609L,-
gr2a_yl_lung.fastq.gz,P F617F,6302,1.69,F617F,P,C1851T,C to T,synonymous SNV,59,gr2a_yl_lung,No,C1851T,F617F,-
gr2a_yl_lung.fastq.gz,P G620G,6311,1.72,G620G,P,G1860A,G to A,synonymous SNV,58,gr2a_yl_lung,No,G1860A,G620G,-
gr2a_yl_lung.fastq.gz,P E625V,6325,3.7,E625V,P,A1874T,A to T,nonsynonymous SNV,54,gr2a_yl_lung,No,A1874T,E625V,-
gr2a_yl_lung.fastq.gz,P Y627F,6331,1.85,Y627F,P,A1880T,A to T,nonsynonymous SNV,54,gr2a_yl_lung,No,A1880T,Y627F,-
gr2a_yl_lung.fastq.gz,P T647T,6392,2,T647T,P,G1941C,G to C,synonymous SNV,50,gr2a_yl_lung,No,G1941C,T647T,-
gr2a_yl_lung.fastq.gz,P V653V,6410,1.92,V653V,P,T1959C,T to C,synonymous SNV,52,gr2a_yl_lung,No,T1959C,V653V,-
gr2a_yl_lung.fastq.gz,P T666A,6447,2.17,T666A,P,A1996G,A to G,nonsynonymous SNV,46,gr2a_yl_lung,No,A1996G,T666A,-
gr2a_yl_lung.fastq.gz,P G707S,6570,2.63,G707S,P,G2119A,G to A,nonsynonymous SNV,38,gr2a_yl_lung,No,G2119A,G707S,-
gr2a_yl_lung.fastq.gz,M V33V,7252,7.14,V33V,M,T99G,T to G,synonymous SNV,28,gr2a_yl_lung,No,T99G,V33V,-
gr2a_yl_lung.fastq.gz,M P35S,7256,3.45,P35S,M,C103T,C to T,nonsynonymous SNV,29,gr2a_yl_lung,No,C103T,P35S,-
gr2a_yl_lung.fastq.gz,M M43L,7280,3.7,M43L,M,A127T,A to T,nonsynonymous SNV,27,gr2a_yl_lung,No,A127T,M43L,-
gr2a_yl_lung.fastq.gz,M Y50F,7302,3.57,Y50F,M,A149T,A to T,nonsynonymous SNV,28,gr2a_yl_lung,No,A149T,Y50F,-
gr2a_yl_lung.fastq.gz,M E56E,7321,2.94,E56E,M,G168A,G to A,synonymous SNV,34,gr2a_yl_lung,No,G168A,E56E,-
gr2a_yl_lung.fastq.gz,M G69C,7358,2.63,G69C,M,G205T,G to T,nonsynonymous SNV,38,gr2a_yl_lung,No,G205T,G69C,-
gr2a_yl_lung.fastq.gz,M R83C,7400,2.44,R83C,M,C247T,C to T,nonsynonymous SNV,41,gr2a_yl_lung,No,C247T,R83C,-
gr2a_yl_lung.fastq.gz,M A170A,7663,2.94,A170A,M,C510A,C to A,synonymous SNV,34,gr2a_yl_lung,No,C510A,A170A,-
gr2a_yl_lung.fastq.gz,M A203V,7761,2.56,A203V,M,C608T,C to T,nonsynonymous SNV,39,gr2a_yl_lung,No,C608T,A203V,-
gr2a_yl_lung.fastq.gz,M S224N,7824,2.94,S224N,M,G671A,G to A,nonsynonymous SNV,34,gr2a_yl_lung,No,G671A,S224N,-
gr2a_yl_lung.fastq.gz,M D226N,7829,2.94,D226N,M,G676A,G to A,complex,34,gr2a_yl_lung,No,G676A,D226N,-
gr2a_yl_lung.fastq.gz,M D226G,7830,3.23,D226G,M,A677G,A to G,complex,31,gr2a_yl_lung,No,A677G,D226G,-
gr2a_yl_lung.fastq.gz,M K248R,7896,3.12,K248R,M,A743G,A to G,nonsynonymous SNV,32,gr2a_yl_lung,No,A743G,K248R,-
gr2a_yl_lung.fastq.gz,M M262I,7939,6.9,M262I,M,G786A,G to A,nonsynonymous SNV,29,gr2a_yl_lung,No,G786A,M262I,-
gr2a_yl_lung.fastq.gz,M W308G,8075,2.86,W308G,M,T922G,T to G,nonsynonymous SNV,35,gr2a_yl_lung,No,T922G,W308G,-
gr2a_yl_lung.fastq.gz,F I15T,8749,4.17,I15T,F,T44C,T to C,nonsynonymous SNV,24,gr2a_yl_lung,No,T44C,I15T,-
gr2a_yl_lung.fastq.gz,F I27I,8786,4.17,I27I,F,T81A,T to A,synonymous SNV,24,gr2a_yl_lung,No,T81A,I27I,-
gr2a_yl_lung.fastq.gz,F A125T,9078,2.38,A125T,F,G373A,G to A,nonsynonymous SNV,42,gr2a_yl_lung,No,G373A,A125T,-
gr2a_yl_lung.fastq.gz,F E156E,9173,2.13,E156E,F,A468G,A to G,synonymous SNV,47,gr2a_yl_lung,No,A468G,E156E,-
gr2a_yl_lung.fastq.gz,F K160N,9185,3.92,K160N,F,G480T,G to T,nonsynonymous SNV,51,gr2a_yl_lung,No,G480T,K160N,-
gr2a_yl_lung.fastq.gz,F L172L,9219,2,L172L,F,C514T,C to T,synonymous SNV,50,gr2a_yl_lung,No,C514T,L172L,-
gr2a_yl_lung.fastq.gz,F S223Y,9373,1.92,S223Y,F,C668A,C to A,nonsynonymous SNV,52,gr2a_yl_lung,No,C668A,S223Y,-
gr2a_yl_lung.fastq.gz,F G237E,9415,1.85,G237E,F,G710A,G to A,nonsynonymous SNV,54,gr2a_yl_lung,No,G710A,G237E,-
gr2a_yl_lung.fastq.gz,F F282I,9549,1.92,F282I,F,T844A,T to A,nonsynonymous SNV,52,gr2a_yl_lung,No,T844A,F282I,-
gr2a_yl_lung.fastq.gz,F L285L,9558,2.04,L285L,F,C853T,C to T,synonymous SNV,49,gr2a_yl_lung,No,C853T,L285L,-
gr2a_yl_lung.fastq.gz,F V338L,9717,2.27,V338L,F,G1012T,G to T,nonsynonymous SNV,44,gr2a_yl_lung,No,G1012T,V338L,-
gr2a_yl_lung.fastq.gz,F S359L,9781,1.82,S359L,F,C1076T,C to T,nonsynonymous SNV,55,gr2a_yl_lung,No,C1076T,S359L,-
gr2a_yl_lung.fastq.gz,F R365R,9800,3.51,R365R,F,A1095G,A to G,synonymous SNV,57,gr2a_yl_lung,No,A1095G,R365R,-
gr2a_yl_lung.fastq.gz,F C417C,9956,3.33,C417C,F,T1251C,T to C,synonymous SNV,30,gr2a_yl_lung,No,T1251C,C417C,-
gr2a_yl_lung.fastq.gz,F Y438C,10018,3.23,Y438C,F,A1313G,A to G,nonsynonymous SNV,31,gr2a_yl_lung,No,A1313G,Y438C,-
gr2a_yl_lung.fastq.gz,F S440C,10024,3.23,S440C,F,C1319G,C to G,nonsynonymous SNV,31,gr2a_yl_lung,No,C1319G,S440C,-
gr2a_yl_lung.fastq.gz,F E441G,10027,3.33,E441G,F,A1322G,A to G,nonsynonymous SNV,30,gr2a_yl_lung,No,A1322G,E441G,-
gr2a_yl_lung.fastq.gz,glycoprotein P2P,11000,8.7,P2P,glycoprotein,G6A,G to A,synonymous SNV,23,gr2a_yl_lung,No,G6A,P2P,-
gr2a_yl_lung.fastq.gz,glycoprotein P107Q,11314,5.26,P107Q,glycoprotein,C320A,C to A,nonsynonymous SNV,19,gr2a_yl_lung,No,C320A,P107Q,-
gr2a_yl_lung.fastq.gz,glycoprotein C146Y,11431,2.56,C146Y,glycoprotein,G437A,G to A,nonsynonymous SNV,39,gr2a_yl_lung,No,G437A,C146Y,-
gr2a_yl_lung.fastq.gz,glycoprotein F148V,11436,2.86,F148V,glycoprotein,T442G,T to G,nonsynonymous SNV,35,gr2a_yl_lung,No,T442G,F148V,-
gr2a_yl_lung.fastq.gz,glycoprotein H233Y,11691,3.85,H233Y,glycoprotein,C697T,C to T,nonsynonymous SNV,26,gr2a_yl_lung,No,C697T,H233Y,-
gr2a_yl_lung.fastq.gz,glycoprotein I250K,11743,5,I250K,glycoprotein,T749A,T to A,nonsynonymous SNV,20,gr2a_yl_lung,No,T749A,I250K,-
gr2a_yl_lung.fastq.gz,glycoprotein S264P,11784,3.85,S264P,glycoprotein,T790C,T to C,nonsynonymous SNV,26,gr2a_yl_lung,No,T790C,S264P,-
gr2a_yl_lung.fastq.gz,glycoprotein C282Y,11839,3.57,C282Y,glycoprotein,G845A,G to A,nonsynonymous SNV,28,gr2a_yl_lung,No,G845A,C282Y,-
gr2a_yl_lung.fastq.gz,glycoprotein S298P,11886,6.67,S298P,glycoprotein,T892C,T to C,nonsynonymous SNV,30,gr2a_yl_lung,No,T892C,S298P,-
gr2a_yl_lung.fastq.gz,glycoprotein L305M,11907,3.85,L305M,glycoprotein,C913A,C to A,nonsynonymous SNV,26,gr2a_yl_lung,No,C913A,L305M,-
gr2a_yl_lung.fastq.gz,glycoprotein K324N,11966,3.45,K324N,glycoprotein,G972T,G to T,nonsynonymous SNV,29,gr2a_yl_lung,No,G972T,K324N,-
gr2a_yl_lung.fastq.gz,glycoprotein G327C,11973,3.7,G327C,glycoprotein,G979T,G to T,nonsynonymous SNV,27,gr2a_yl_lung,No,G979T,G327C,-
gr2a_yl_lung.fastq.gz,glycoprotein E341D,12017,2.78,E341D,glycoprotein,G1023T,G to T,nonsynonymous SNV,36,gr2a_yl_lung,No,G1023T,E341D,-
gr2a_yl_lung.fastq.gz,glycoprotein F369Y,12100,2.22,F369Y,glycoprotein,T1106A,T to A,nonsynonymous SNV,45,gr2a_yl_lung,No,T1106A,F369Y,-
gr2a_yl_lung.fastq.gz,glycoprotein N417I,12244,2.08,N417I,glycoprotein,A1250T,A to T,nonsynonymous SNV,48,gr2a_yl_lung,No,A1250T,N417I,-
gr2a_yl_lung.fastq.gz,glycoprotein F458V,12366,2.38,F458V,glycoprotein,T1372G,T to G,nonsynonymous SNV,42,gr2a_yl_lung,No,T1372G,F458V,-
gr2a_yl_lung.fastq.gz,glycoprotein I485N,12448,2.78,I485N,glycoprotein,T1454A,T to A,nonsynonymous SNV,36,gr2a_yl_lung,No,T1454A,I485N,-
gr2a_yl_lung.fastq.gz,glycoprotein E501G,12496,2.33,E501G,glycoprotein,A1502G,A to G,nonsynonymous SNV,43,gr2a_yl_lung,No,A1502G,E501G,-
gr2a_yl_lung.fastq.gz,glycoprotein V507A,12514,2.78,V507A,glycoprotein,T1520C,T to C,nonsynonymous SNV,36,gr2a_yl_lung,No,T1520C,V507A,-
gr2a_yl_lung.fastq.gz,glycoprotein L568M,12696,2.86,L568M,glycoprotein,T1702A,T to A,nonsynonymous SNV,35,gr2a_yl_lung,No,T1702A,L568M,-
gr2a_yl_lung.fastq.gz,glycoprotein K569E,12699,2.78,K569E,glycoprotein,A1705G,A to G,nonsynonymous SNV,36,gr2a_yl_lung,No,A1705G,K569E,-
gr2a_yl_lung.fastq.gz,L_protein I50T,13612,3.85,I50T,L_protein,T149C,T to C,nonsynonymous SNV,26,gr2a_yl_lung,No,T149C,I50T,-
gr2a_yl_lung.fastq.gz,L_protein L52L,13617,4.17,L52L,L_protein,T154C,T to C,complex,24,gr2a_yl_lung,No,T154C,L52L,-
gr2a_yl_lung.fastq.gz,L_protein L52S,13618,4,L52S,L_protein,T155C,T to C,complex,25,gr2a_yl_lung,No,T155C,L52S,-
gr2a_yl_lung.fastq.gz,L_protein N92K,13739,7.69,N92K,L_protein,T276A,T to A,nonsynonymous SNV,13,gr2a_yl_lung,No,T276A,N92K,-
gr2a_yl_lung.fastq.gz,L_protein N93D,13740,8.33,N93D,L_protein,A277G,A to G,nonsynonymous SNV,12,gr2a_yl_lung,No,A277G,N93D,-
gr2a_yl_lung.fastq.gz,L_protein S100F,13762,12.5,S100F,L_protein,C299T,C to T,nonsynonymous SNV,16,gr2a_yl_lung,No,C299T,S100F,-
gr2a_yl_lung.fastq.gz,L_protein K116K,13811,18.18,K116K,L_protein,A348G,A to G,synonymous SNV,11,gr2a_yl_lung,No,A348G,K116K,-
gr2a_yl_lung.fastq.gz,L_protein M161V,13944,5,M161V,L_protein,A481G,A to G,nonsynonymous SNV,20,gr2a_yl_lung,No,A481G,M161V,-
gr2a_yl_lung.fastq.gz,L_protein E179K,13998,7.69,E179K,L_protein,G535A,G to A,nonsynonymous SNV,26,gr2a_yl_lung,No,G535A,E179K,-
gr2a_yl_lung.fastq.gz,L_protein P274P,14285,2.56,P274P,L_protein,C822G,C to G,synonymous SNV,39,gr2a_yl_lung,No,C822G,P274P,-
gr2a_yl_lung.fastq.gz,L_protein E318G,14416,3.23,E318G,L_protein,A953G,A to G,nonsynonymous SNV,31,gr2a_yl_lung,No,A953G,E318G,-
gr2a_yl_lung.fastq.gz,L_protein S358F,14536,1.67,S358F,L_protein,C1073T,C to T,nonsynonymous SNV,60,gr2a_yl_lung,No,C1073T,S358F,-
gr2a_yl_lung.fastq.gz,L_protein A373D,14581,1.89,A373D,L_protein,C1118A,C to A,nonsynonymous SNV,53,gr2a_yl_lung,No,C1118A,A373D,-
gr2a_yl_lung.fastq.gz,L_protein P417P,14714,2.78,P417P,L_protein,T1251A,T to A,synonymous SNV,36,gr2a_yl_lung,No,T1251A,P417P,-
gr2a_yl_lung.fastq.gz,L_protein I429N,14749,3.12,I429N,L_protein,T1286A,T to A,nonsynonymous SNV,32,gr2a_yl_lung,No,T1286A,I429N,-
gr2a_yl_lung.fastq.gz,L_protein M459I,14840,1.85,M459I,L_protein,G1377A,G to A,nonsynonymous SNV,54,gr2a_yl_lung,No,G1377A,M459I,-
gr2a_yl_lung.fastq.gz,L_protein L463I,14850,1.96,L463I,L_protein,T1387A,T to A,nonsynonymous SNV,51,gr2a_yl_lung,No,T1387A,L463I,-
gr2a_yl_lung.fastq.gz,L_protein W483R,14910,1.82,W483R,L_protein,T1447C,T to C,nonsynonymous SNV,55,gr2a_yl_lung,No,T1447C,W483R,-
gr2a_yl_lung.fastq.gz,L_protein G550E,15112,2.33,G550E,L_protein,G1649A,G to A,nonsynonymous SNV,43,gr2a_yl_lung,No,G1649A,G550E,-
gr2a_yl_lung.fastq.gz,L_protein K559R,15139,2.44,K559R,L_protein,A1676G,A to G,nonsynonymous SNV,41,gr2a_yl_lung,No,A1676G,K559R,-
gr2a_yl_lung.fastq.gz,L_protein N649Y,15408,2.22,N649Y,L_protein,A1945T,A to T,nonsynonymous SNV,45,gr2a_yl_lung,No,A1945T,N649Y,-
gr2a_yl_lung.fastq.gz,L_protein N650D,15411,2.44,N650D,L_protein,A1948G,A to G,nonsynonymous SNV,41,gr2a_yl_lung,No,A1948G,N650D,-
gr2a_yl_lung.fastq.gz,L_protein D655N,15426,2.86,D655N,L_protein,G1963A,G to A,nonsynonymous SNV,35,gr2a_yl_lung,No,G1963A,D655N,-
gr2a_yl_lung.fastq.gz,L_protein N695K,15548,2.17,N695K,L_protein,T2085A,T to A,nonsynonymous SNV,46,gr2a_yl_lung,No,T2085A,N695K,-
gr2a_yl_lung.fastq.gz,L_protein T708T,15587,2.08,T708T,L_protein,C2124A,C to A,synonymous SNV,48,gr2a_yl_lung,No,C2124A,T708T,-
gr2a_yl_lung.fastq.gz,L_protein T714I,15604,2.17,T714I,L_protein,C2141T,C to T,nonsynonymous SNV,46,gr2a_yl_lung,No,C2141T,T714I,-
gr2a_yl_lung.fastq.gz,L_protein F726C,15640,1.96,F726C,L_protein,T2177G,T to G,nonsynonymous SNV,51,gr2a_yl_lung,No,T2177G,F726C,-
gr2a_yl_lung.fastq.gz,L_protein Y732Y,15659,1.82,Y732Y,L_protein,C2196T,C to T,synonymous SNV,55,gr2a_yl_lung,No,C2196T,Y732Y,-
gr2a_yl_lung.fastq.gz,L_protein R741H,15685,1.96,R741H,L_protein,G2222A,G to A,nonsynonymous SNV,51,gr2a_yl_lung,No,G2222A,R741H,-
gr2a_yl_lung.fastq.gz,L_protein P772S,15777,1.89,P772S,L_protein,C2314T,C to T,nonsynonymous SNV,53,gr2a_yl_lung,No,C2314T,P772S,-
gr2a_yl_lung.fastq.gz,L_protein K777R,15793,3.77,K777R,L_protein,A2330G,A to G,nonsynonymous SNV,53,gr2a_yl_lung,No,A2330G,K777R,-
gr2a_yl_lung.fastq.gz,L_protein W806L,15880,2,W806L,L_protein,G2417T,G to T,nonsynonymous SNV,50,gr2a_yl_lung,No,G2417T,W806L,-
gr2a_yl_lung.fastq.gz,L_protein A837A,15974,1.82,A837A,L_protein,T2511A,T to A,synonymous SNV,55,gr2a_yl_lung,No,T2511A,A837A,-
gr2a_yl_lung.fastq.gz,L_protein Y848C,16006,1.82,Y848C,L_protein,A2543G,A to G,nonsynonymous SNV,55,gr2a_yl_lung,No,A2543G,Y848C,-
gr2a_yl_lung.fastq.gz,L_protein R867G,16062,1.54,R867G,L_protein,A2599G,A to G,complex,65,gr2a_yl_lung,No,A2599G,R867G,-
gr2a_yl_lung.fastq.gz,L_protein R867K,16063,1.52,R867K,L_protein,G2600A,G to A,complex,66,gr2a_yl_lung,No,G2600A,R867K,-
gr2a_yl_lung.fastq.gz,L_protein A872A,16079,1.72,A872A,L_protein,T2616C,T to C,synonymous SNV,58,gr2a_yl_lung,No,T2616C,A872A,-
gr2a_yl_lung.fastq.gz,L_protein I895S,16147,1.61,I895S,L_protein,T2684G,T to G,nonsynonymous SNV,62,gr2a_yl_lung,No,T2684G,I895S,-
gr2a_yl_lung.fastq.gz,L_protein C913F,16201,1.39,C913F,L_protein,G2738T,G to T,nonsynonymous SNV,72,gr2a_yl_lung,No,G2738T,C913F,-
gr2a_yl_lung.fastq.gz,L_protein A926D,16240,3.75,A926D,L_protein,C2777A,C to A,nonsynonymous SNV,80,gr2a_yl_lung,No,C2777A,A926D,-
gr2a_yl_lung.fastq.gz,L_protein I934V,16263,1.19,I934V,L_protein,A2800G,A to G,nonsynonymous SNV,84,gr2a_yl_lung,No,A2800G,I934V,-
gr2a_yl_lung.fastq.gz,L_protein K954E,16323,1.22,K954E,L_protein,A2860G,A to G,nonsynonymous SNV,82,gr2a_yl_lung,No,A2860G,K954E,-
gr2a_yl_lung.fastq.gz,L_protein L959F,16338,1.16,L959F,L_protein,C2875T,C to T,nonsynonymous SNV,86,gr2a_yl_lung,No,C2875T,L959F,-
gr2a_yl_lung.fastq.gz,L_protein I967V,16362,1.12,I967V,L_protein,A2899G,A to G,nonsynonymous SNV,89,gr2a_yl_lung,No,A2899G,I967V,-
gr2a_yl_lung.fastq.gz,L_protein A994P,16443,1.01,A994P,L_protein,G2980C,G to C,nonsynonymous SNV,99,gr2a_yl_lung,No,G2980C,A994P,-
gr2a_yl_lung.fastq.gz,L_protein V1016F,16509,1.04,V1016F,L_protein,G3046T,G to T,nonsynonymous SNV,96,gr2a_yl_lung,No,G3046T,V1016F,-
gr2a_yl_lung.fastq.gz,L_protein S1035N,16567,1.09,S1035N,L_protein,G3104A,G to A,nonsynonymous SNV,92,gr2a_yl_lung,No,G3104A,S1035N,-
gr2a_yl_lung.fastq.gz,L_protein D1047H,16602,1.52,D1047H,L_protein,G3139C,G to C,nonsynonymous SNV,66,gr2a_yl_lung,No,G3139C,D1047H,-
gr2a_yl_lung.fastq.gz,L_protein P1063H,16651,1.54,P1063H,L_protein,C3188A,C to A,nonsynonymous SNV,65,gr2a_yl_lung,No,C3188A,P1063H,-
gr2a_yl_lung.fastq.gz,L_protein N1074Y,16683,1.59,N1074Y,L_protein,A3220T,A to T,complex,63,gr2a_yl_lung,No,A3220T,N1074Y,-
gr2a_yl_lung.fastq.gz,L_protein N1074K,16685,1.72,N1074K,L_protein,T3222A,T to A,complex,58,gr2a_yl_lung,No,T3222A,N1074K,-
gr2a_yl_lung.fastq.gz,L_protein R1082G,16707,1.59,R1082G,L_protein,A3244G,A to G,complex,63,gr2a_yl_lung,No,A3244G,R1082G,-
gr2a_yl_lung.fastq.gz,L_protein R1082T,16708,1.61,R1082T,L_protein,G3245C,G to C,complex,62,gr2a_yl_lung,No,G3245C,R1082T,-
gr2a_yl_lung.fastq.gz,L_protein N1083Y,16710,1.56,N1083Y,L_protein,A3247T,A to T,nonsynonymous SNV,64,gr2a_yl_lung,No,A3247T,N1083Y,-
gr2a_yl_lung.fastq.gz,L_protein L1108M,16785,1.85,L1108M,L_protein,C3322A,C to A,nonsynonymous SNV,54,gr2a_yl_lung,No,C3322A,L1108M,-
gr2a_yl_lung.fastq.gz,L_protein M1109I,16790,1.96,M1109I,L_protein,G3327A,G to A,nonsynonymous SNV,51,gr2a_yl_lung,No,G3327A,M1109I,-
gr2a_yl_lung.fastq.gz,L_protein R1112T,16798,1.89,R1112T,L_protein,G3335C,G to C,nonsynonymous SNV,53,gr2a_yl_lung,No,G3335C,R1112T,-
gr2a_yl_lung.fastq.gz,L_protein T1128I,16846,1.92,T1128I,L_protein,C3383T,C to T,nonsynonymous SNV,52,gr2a_yl_lung,No,C3383T,T1128I,-
gr2a_yl_lung.fastq.gz,L_protein S1163A,16950,1.75,S1163A,L_protein,T3487G,T to G,nonsynonymous SNV,57,gr2a_yl_lung,No,T3487G,S1163A,-
gr2a_yl_lung.fastq.gz,L_protein S1187S,17024,1.92,S1187S,L_protein,A3561G,A to G,synonymous SNV,52,gr2a_yl_lung,No,A3561G,S1187S,-
gr2a_yl_lung.fastq.gz,L_protein V1193V,17042,2.27,V1193V,L_protein,T3579C,T to C,synonymous SNV,44,gr2a_yl_lung,No,T3579C,V1193V,-
gr2a_yl_lung.fastq.gz,L_protein D1194N,17043,2.22,D1194N,L_protein,G3580A,G to A,nonsynonymous SNV,45,gr2a_yl_lung,No,G3580A,D1194N,-
gr2a_yl_lung.fastq.gz,L_protein M1245T,17197,1.54,M1245T,L_protein,T3734C,T to C,nonsynonymous SNV,65,gr2a_yl_lung,No,T3734C,M1245T,-
gr2a_yl_lung.fastq.gz,L_protein D1261D,17246,1.59,D1261D,L_protein,T3783C,T to C,synonymous SNV,63,gr2a_yl_lung,No,T3783C,D1261D,-
gr2a_yl_lung.fastq.gz,L_protein Y1304Y,17375,1.39,Y1304Y,L_protein,T3912C,T to C,synonymous SNV,72,gr2a_yl_lung,No,T3912C,Y1304Y,-
gr2a_yl_lung.fastq.gz,L_protein G1309G,17390,1.79,G1309G,L_protein,A3927G,A to G,synonymous SNV,56,gr2a_yl_lung,No,A3927G,G1309G,-
gr2a_yl_lung.fastq.gz,L_protein A1322V,17428,1.79,A1322V,L_protein,C3965T,C to T,nonsynonymous SNV,56,gr2a_yl_lung,No,C3965T,A1322V,-
gr2a_yl_lung.fastq.gz,L_protein D1415N,17706,1.45,D1415N,L_protein,G4243A,G to A,nonsynonymous SNV,69,gr2a_yl_lung,No,G4243A,D1415N,-
gr2a_yl_lung.fastq.gz,L_protein D1440D,17783,1.25,D1440D,L_protein,C4320T,C to T,synonymous SNV,80,gr2a_yl_lung,No,C4320T,D1440D,-
gr2a_yl_lung.fastq.gz,L_protein L1471P,17875,1.18,L1471P,L_protein,T4412C,T to C,nonsynonymous SNV,85,gr2a_yl_lung,No,T4412C,L1471P,-
gr2a_yl_lung.fastq.gz,L_protein P1484T,17913,1.82,P1484T,L_protein,C4450A,C to A,nonsynonymous SNV,55,gr2a_yl_lung,No,C4450A,P1484T,-
gr2a_yl_lung.fastq.gz,L_protein A1500T,17961,1.92,A1500T,L_protein,G4498A,G to A,nonsynonymous SNV,52,gr2a_yl_lung,No,G4498A,A1500T,-
gr2a_yl_lung.fastq.gz,L_protein L1504P,17974,2,L1504P,L_protein,T4511C,T to C,nonsynonymous SNV,50,gr2a_yl_lung,No,T4511C,L1504P,-
gr2a_yl_lung.fastq.gz,L_protein T1508A,17985,2.04,T1508A,L_protein,A4522G,A to G,nonsynonymous SNV,49,gr2a_yl_lung,No,A4522G,T1508A,-
gr2a_yl_lung.fastq.gz,L_protein A1520A,18023,2.13,A1520A,L_protein,A4560C,A to C,synonymous SNV,47,gr2a_yl_lung,No,A4560C,A1520A,-
gr2a_yl_lung.fastq.gz,L_protein L1607P,18283,1.85,L1607P,L_protein,T4820C,T to C,complex,54,gr2a_yl_lung,No,T4820C,L1607P,-
gr2a_yl_lung.fastq.gz,L_protein L1607L,18284,1.85,L1607L,L_protein,G4821A,G to A,complex,54,gr2a_yl_lung,No,G4821A,L1607L,-
gr2a_yl_lung.fastq.gz,L_protein L1608M,18285,1.89,L1608M,L_protein,T4822A,T to A,nonsynonymous SNV,53,gr2a_yl_lung,No,T4822A,L1608M,-
gr2a_yl_lung.fastq.gz,L_protein P1609P,18290,1.75,P1609P,L_protein,T4827C,T to C,synonymous SNV,57,gr2a_yl_lung,No,T4827C,P1609P,-
gr2a_yl_lung.fastq.gz,L_protein P1613P,18302,1.67,P1613P,L_protein,T4839C,T to C,synonymous SNV,60,gr2a_yl_lung,No,T4839C,P1613P,-
gr2a_yl_lung.fastq.gz,L_protein E1621E,18326,1.67,E1621E,L_protein,A4863G,A to G,synonymous SNV,60,gr2a_yl_lung,No,A4863G,E1621E,-
gr2a_yl_lung.fastq.gz,L_protein E1692E,18539,2.63,E1692E,L_protein,A5076G,A to G,synonymous SNV,38,gr2a_yl_lung,No,A5076G,E1692E,-
gr2a_yl_lung.fastq.gz,L_protein K1737R,18673,2.44,K1737R,L_protein,A5210G,A to G,nonsynonymous SNV,41,gr2a_yl_lung,No,A5210G,K1737R,-
gr2a_yl_lung.fastq.gz,L_protein R1742S,18689,2.38,R1742S,L_protein,A5226T,A to T,nonsynonymous SNV,42,gr2a_yl_lung,No,A5226T,R1742S,-
gr2a_yl_lung.fastq.gz,L_protein R1755R,18726,2.63,R1755R,L_protein,A5263C,A to C,synonymous SNV,38,gr2a_yl_lung,No,A5263C,R1755R,-
gr2a_yl_lung.fastq.gz,L_protein G1774D,18784,6.06,G1774D,L_protein,G5321A,G to A,nonsynonymous SNV,33,gr2a_yl_lung,No,G5321A,G1774D,-
gr2a_yl_lung.fastq.gz,L_protein I1777L,18792,23.53,I1777L,L_protein,A5329T,A to T,nonsynonymous SNV,34,gr2a_yl_lung,No,A5329T,I1777L,-
gr2a_yl_lung.fastq.gz,L_protein K1808E,18885,3.23,K1808E,L_protein,A5422G,A to G,nonsynonymous SNV,31,gr2a_yl_lung,No,A5422G,K1808E,-
gr2a_yl_lung.fastq.gz,L_protein R1811M,18895,3.12,R1811M,L_protein,G5432T,G to T,nonsynonymous SNV,32,gr2a_yl_lung,No,G5432T,R1811M,-
gr2a_yl_lung.fastq.gz,L_protein G1845G,18998,1.61,G1845G,L_protein,T5535C,T to C,synonymous SNV,62,gr2a_yl_lung,No,T5535C,G1845G,-
gr2a_yl_lung.fastq.gz,L_protein L1851L,19014,1.3,L1851L,L_protein,T5551C,T to C,synonymous SNV,77,gr2a_yl_lung,No,T5551C,L1851L,-
gr2a_yl_lung.fastq.gz,L_protein G1858R,19035,1.2,G1858R,L_protein,G5572A,G to A,nonsynonymous SNV,83,gr2a_yl_lung,No,G5572A,G1858R,-
gr2a_yl_lung.fastq.gz,L_protein G1867D,19063,1.14,G1867D,L_protein,G5600A,G to A,nonsynonymous SNV,88,gr2a_yl_lung,No,G5600A,G1867D,-
gr2a_yl_lung.fastq.gz,L_protein I1868K,19066,1.08,I1868K,L_protein,T5603A,T to A,nonsynonymous SNV,93,gr2a_yl_lung,No,T5603A,I1868K,-
gr2a_yl_lung.fastq.gz,L_protein E1878G,19096,1.16,E1878G,L_protein,A5633G,A to G,nonsynonymous SNV,86,gr2a_yl_lung,No,A5633G,E1878G,-
gr2a_yl_lung.fastq.gz,L_protein E1890V,19132,2,E1890V,L_protein,A5669T,A to T,nonsynonymous SNV,100,gr2a_yl_lung,No,A5669T,E1890V,-
gr2a_yl_lung.fastq.gz,L_protein T1913A,19200,1,T1913A,L_protein,A5737G,A to G,nonsynonymous SNV,100,gr2a_yl_lung,No,A5737G,T1913A,-
gr2a_yl_lung.fastq.gz,L_protein T1914T,19205,1.01,T1914T,L_protein,A5742G,A to G,synonymous SNV,99,gr2a_yl_lung,No,A5742G,T1914T,-
gr2a_yl_lung.fastq.gz,L_protein R1928K,19246,1.12,R1928K,L_protein,G5783A,G to A,nonsynonymous SNV,89,gr2a_yl_lung,No,G5783A,R1928K,-
gr2a_yl_lung.fastq.gz,L_protein S1943S,19292,1.47,S1943S,L_protein,T5829C,T to C,synonymous SNV,68,gr2a_yl_lung,No,T5829C,S1943S,-
gr2a_yl_lung.fastq.gz,L_protein S1961S,19346,1.43,S1961S,L_protein,C5883A,C to A,synonymous SNV,70,gr2a_yl_lung,No,C5883A,S1961S,-
gr2a_yl_lung.fastq.gz,L_protein V1974I,19383,1.32,V1974I,L_protein,G5920A,G to A,nonsynonymous SNV,76,gr2a_yl_lung,No,G5920A,V1974I,-
gr2a_yl_lung.fastq.gz,L_protein K1976Q,19389,1.32,K1976Q,L_protein,A5926C,A to C,complex,76,gr2a_yl_lung,No,A5926C,K1976Q,-
gr2a_yl_lung.fastq.gz,L_protein K1976R,19390,1.35,K1976R,L_protein,A5927G,A to G,complex,74,gr2a_yl_lung,No,A5927G,K1976R,-
gr2a_yl_lung.fastq.gz,L_protein Y1979Y,19400,1.32,Y1979Y,L_protein,C5937T,C to T,synonymous SNV,76,gr2a_yl_lung,No,C5937T,Y1979Y,-
gr2a_yl_lung.fastq.gz,L_protein L2000L,19461,1.33,L2000L,L_protein,C5998T,C to T,synonymous SNV,75,gr2a_yl_lung,No,C5998T,L2000L,-
gr2a_yl_lung.fastq.gz,L_protein P2004P,19475,1.23,P2004P,L_protein,A6012G,A to G,synonymous SNV,81,gr2a_yl_lung,No,A6012G,P2004P,-
gr2a_yl_lung.fastq.gz,L_protein D2065D,19658,1.64,D2065D,L_protein,T6195C,T to C,synonymous SNV,61,gr2a_yl_lung,No,T6195C,D2065D,-
gr2a_yl_lung.fastq.gz,L_protein L2142S,19888,1.59,L2142S,L_protein,T6425C,T to C,nonsynonymous SNV,63,gr2a_yl_lung,No,T6425C,L2142S,-
gr2a_yl_lung.fastq.gz,L_protein I2156V,19929,1.59,I2156V,L_protein,A6466G,A to G,nonsynonymous SNV,63,gr2a_yl_lung,No,A6466G,I2156V,-
gr2a_yl_lung.fastq.gz,L_protein R2189S,20030,1.79,R2189S,L_protein,G6567C,G to C,nonsynonymous SNV,56,gr2a_yl_lung,No,G6567C,R2189S,-
gr2a_yl_lung.fastq.gz,NP Y14*,154,1.89,Y14*,NP,T42A,T to A,stopgain,53,gr2a_yl_lung,No,T42A,Y14*,-
gr2a_yl_lung.fastq.gz,eGFP K42*,3150,1.11,K42*,eGFP,A124T,A to T,stopgain,180,gr2a_yl_lung,No,A124T,K42*,-
gr2a_yl_lung.fastq.gz,eGFP Q158*,3498,1.31,Q158*,eGFP,C472T,C to T,stopgain,153,gr2a_yl_lung,No,C472T,Q158*,-
gr2a_yl_lung.fastq.gz,eGFP Q184*,3576,1.47,Q184*,eGFP,C550T,C to T,stopgain,136,gr2a_yl_lung,No,C550T,Q184*,-
gr2a_yl_lung.fastq.gz,P K19*,4506,1.79,K19*,P,A55T,A to T,stopgain,56,gr2a_yl_lung,No,A55T,K19*,-
gr2a_yl_lung.fastq.gz,P R41*,4572,1.39,R41*,P,C121T,C to T,stopgain,72,gr2a_yl_lung,No,C121T,R41*,-
gr2a_yl_lung.fastq.gz,P W136*,4858,1.18,W136*,P,G407A,G to A,stopgain,85,gr2a_yl_lung,No,G407A,W136*,-
gr2a_yl_lung.fastq.gz,P Y159*,4928,1.11,Y159*,P,T477A,T to A,stopgain,90,gr2a_yl_lung,No,T477A,Y159*,-
gr2a_yl_lung.fastq.gz,P R586*,6207,1.54,R586*,P,A1756T,A to T,stopgain,65,gr2a_yl_lung,No,A1756T,R586*,-
gr2a_yl_lung.fastq.gz,glycoprotein E328*,11976,3.85,E328*,glycoprotein,G982T,G to T,stopgain,26,gr2a_yl_lung,No,G982T,E328*,-
gr2a_yl_lung.fastq.gz,glycoprotein G352*,12048,2.7,G352*,glycoprotein,G1054T,G to T,stopgain,37,gr2a_yl_lung,No,G1054T,G352*,-
gr2a_yl_lung.fastq.gz,L_protein Q321*,14424,2.94,Q321*,L_protein,C961T,C to T,stopgain,34,gr2a_yl_lung,No,C961T,Q321*,-
gr2a_yl_lung.fastq.gz,L_protein S1192*,17038,2.13,S1192*,L_protein,C3575A,C to A,stopgain,47,gr2a_yl_lung,No,C3575A,S1192*,-
gr2a_yl_lung.fastq.gz,L_protein S1818*,18916,2.78,S1818*,L_protein,C5453G,C to G,stopgain,36,gr2a_yl_lung,No,C5453G,S1818*,-
gr2b_bl_lung.fastq.gz,NP G22W,176,1.72,G22W,NP,G64T,G to T,nonsynonymous SNV,58,gr2b_bl_lung,No,G64T,G22W,-
gr2b_bl_lung.fastq.gz,NP A41A,235,1.28,A41A,NP,T123G,T to G,synonymous SNV,78,gr2b_bl_lung,No,T123G,A41A,-
gr2b_bl_lung.fastq.gz,NP A55V,276,1.23,A55V,NP,C164T,C to T,nonsynonymous SNV,81,gr2b_bl_lung,No,C164T,A55V,-
gr2b_bl_lung.fastq.gz,NP S61S,295,1.04,S61S,NP,T183G,T to G,synonymous SNV,96,gr2b_bl_lung,No,T183G,S61S,-
gr2b_bl_lung.fastq.gz,NP T215A,755,1.02,T215A,NP,A643G,A to G,nonsynonymous SNV,98,gr2b_bl_lung,No,A643G,T215A,-
gr2b_bl_lung.fastq.gz,NP G246A,849,1.05,G246A,NP,G737C,G to C,nonsynonymous SNV,95,gr2b_bl_lung,No,G737C,G246A,-
gr2b_bl_lung.fastq.gz,NP A248A,856,1.06,A248A,NP,A744G,A to G,synonymous SNV,94,gr2b_bl_lung,No,A744G,A248A,-
gr2b_bl_lung.fastq.gz,NP E261G,894,1.15,E261G,NP,A782G,A to G,nonsynonymous SNV,87,gr2b_bl_lung,No,A782G,E261G,-
gr2b_bl_lung.fastq.gz,NP A308G,1035,1.37,A308G,NP,C923G,C to G,nonsynonymous SNV,73,gr2b_bl_lung,No,C923G,A308G,-
gr2b_bl_lung.fastq.gz,NP V389A,1278,1.28,V389A,NP,T1166C,T to C,nonsynonymous SNV,78,gr2b_bl_lung,No,T1166C,V389A,-
gr2b_bl_lung.fastq.gz,NP G440S,1430,1.39,G440S,NP,G1318A,G to A,nonsynonymous SNV,72,gr2b_bl_lung,No,G1318A,G440S,-
gr2b_bl_lung.fastq.gz,NP S453T,1469,1.61,S453T,NP,T1357A,T to A,nonsynonymous SNV,62,gr2b_bl_lung,No,T1357A,S453T,-
gr2b_bl_lung.fastq.gz,NP S454C,1473,1.61,S454C,NP,C1361G,C to G,nonsynonymous SNV,62,gr2b_bl_lung,No,C1361G,S454C,-
gr2b_bl_lung.fastq.gz,NP L455F,1475,1.59,L455F,NP,C1363T,C to T,nonsynonymous SNV,63,gr2b_bl_lung,No,C1363T,L455F,-
gr2b_bl_lung.fastq.gz,NP D498N,1604,1.39,D498N,NP,G1492A,G to A,nonsynonymous SNV,72,gr2b_bl_lung,No,G1492A,D498N,-
gr2b_bl_lung.fastq.gz,GLuc I28I,2489,1.32,I28I,GLuc,C84A,C to A,synonymous SNV,76,gr2b_bl_lung,No,C84A,I28I,-
gr2b_bl_lung.fastq.gz,GLuc P48L,2548,1.83,P48L,GLuc,C143T,C to T,nonsynonymous SNV,109,gr2b_bl_lung,No,C143T,P48L,-
gr2b_bl_lung.fastq.gz,GLuc R71R,2616,1.56,R71R,GLuc,A211C,A to C,synonymous SNV,128,gr2b_bl_lung,No,A211C,R71R,-
gr2b_bl_lung.fastq.gz,GLuc C137R,2814,1.72,C137R,GLuc,T409C,T to C,nonsynonymous SNV,116,gr2b_bl_lung,No,T409C,C137R,-
gr2b_bl_lung.fastq.gz,P2A D12V,3004,1.52,D12V,P2A,A35T,A to T,nonsynonymous SNV,132,gr2b_bl_lung,No,A35T,D12V,-
gr2b_bl_lung.fastq.gz,eGFP A88V,3289,1.38,A88V,eGFP,C263T,C to T,nonsynonymous SNV,145,gr2b_bl_lung,No,C263T,A88V,-
gr2b_bl_lung.fastq.gz,eGFP F224L,3696,1.2,F224L,eGFP,T670C,T to C,nonsynonymous SNV,83,gr2b_bl_lung,No,T670C,F224L,-
gr2b_bl_lung.fastq.gz,P E46E,4589,1.3,E46E,P,G138A,G to A,synonymous SNV,77,gr2b_bl_lung,No,G138A,E46E,-
gr2b_bl_lung.fastq.gz,P S64C,4642,1.01,S64C,P,C191G,C to G,nonsynonymous SNV,99,gr2b_bl_lung,No,C191G,S64C,-
gr2b_bl_lung.fastq.gz,P S74R,4673,2.15,S74R,P,C222A,C to A,nonsynonymous SNV,93,gr2b_bl_lung,No,C222A,S74R,-
gr2b_bl_lung.fastq.gz,P G89G,4718,1.04,G89G,P,A267G,A to G,synonymous SNV,96,gr2b_bl_lung,No,A267G,G89G,-
gr2b_bl_lung.fastq.gz,P D108N,4773,1.02,D108N,P,G322A,G to A,nonsynonymous SNV,98,gr2b_bl_lung,No,G322A,D108N,-
gr2b_bl_lung.fastq.gz,P D169A,4957,1.32,D169A,P,A506C,A to C,nonsynonymous SNV,76,gr2b_bl_lung,No,A506C,D169A,-
gr2b_bl_lung.fastq.gz,P S182F,4996,1.33,S182F,P,C545T,C to T,nonsynonymous SNV,75,gr2b_bl_lung,No,C545T,S182F,-
gr2b_bl_lung.fastq.gz,P P224P,5123,1.23,P224P,P,C672T,C to T,synonymous SNV,81,gr2b_bl_lung,No,C672T,P224P,-
gr2b_bl_lung.fastq.gz,P S234G,5151,1.43,S234G,P,A700G,A to G,nonsynonymous SNV,70,gr2b_bl_lung,No,A700G,S234G,-
gr2b_bl_lung.fastq.gz,P E251V,5203,1.25,E251V,P,A752T,A to T,nonsynonymous SNV,80,gr2b_bl_lung,No,A752T,E251V,-
gr2b_bl_lung.fastq.gz,P E253V,5209,1.32,E253V,P,A758T,A to T,nonsynonymous SNV,76,gr2b_bl_lung,No,A758T,E253V,-
gr2b_bl_lung.fastq.gz,P G256E,5218,1.32,G256E,P,G767A,G to A,nonsynonymous SNV,76,gr2b_bl_lung,No,G767A,G256E,-
gr2b_bl_lung.fastq.gz,P E271V,5263,1.49,E271V,P,A812T,A to T,nonsynonymous SNV,67,gr2b_bl_lung,No,A812T,E271V,-
gr2b_bl_lung.fastq.gz,P D339N,5466,1.28,D339N,P,G1015A,G to A,nonsynonymous SNV,78,gr2b_bl_lung,No,G1015A,D339N,-
gr2b_bl_lung.fastq.gz,P E348G,5494,1.28,E348G,P,A1043G,A to G,nonsynonymous SNV,78,gr2b_bl_lung,No,A1043G,E348G,-
gr2b_bl_lung.fastq.gz,P P395P,5636,1.79,P395P,P,G1185A,G to A,synonymous SNV,56,gr2b_bl_lung,No,G1185A,P395P,-
gr2b_bl_lung.fastq.gz,P M396K,5638,1.82,M396K,P,T1187A,T to A,nonsynonymous SNV,55,gr2b_bl_lung,No,T1187A,M396K,-
gr2b_bl_lung.fastq.gz,P G407G,5672,1.72,G407G,P,C1221T,C to T,synonymous SNV,58,gr2b_bl_lung,No,C1221T,G407G,-
gr2b_bl_lung.fastq.gz,P R429R,5738,2.38,R429R,P,G1287A,G to A,synonymous SNV,42,gr2b_bl_lung,No,G1287A,R429R,-
gr2b_bl_lung.fastq.gz,P E439E,5768,2.33,E439E,P,A1317G,A to G,synonymous SNV,43,gr2b_bl_lung,No,A1317G,E439E,-
gr2b_bl_lung.fastq.gz,P E458K,5823,2.63,E458K,P,G1372A,G to A,nonsynonymous SNV,38,gr2b_bl_lung,No,G1372A,E458K,-
gr2b_bl_lung.fastq.gz,P G584G,6203,1.72,G584G,P,A1752T,A to T,synonymous SNV,58,gr2b_bl_lung,No,A1752T,G584G,-
gr2b_bl_lung.fastq.gz,P G588G,6215,1.67,G588G,P,C1764A,C to A,synonymous SNV,60,gr2b_bl_lung,No,C1764A,G588G,-
gr2b_bl_lung.fastq.gz,P F609F,6278,4.55,F609F,P,C1827T,C to T,synonymous SNV,44,gr2b_bl_lung,No,C1827T,F609F,-
gr2b_bl_lung.fastq.gz,P K615E,6294,2.44,K615E,P,A1843G,A to G,nonsynonymous SNV,41,gr2b_bl_lung,No,A1843G,K615E,-
gr2b_bl_lung.fastq.gz,P R669M,6457,2.08,R669M,P,G2006T,G to T,nonsynonymous SNV,48,gr2b_bl_lung,No,G2006T,R669M,-
gr2b_bl_lung.fastq.gz,P E676V,6478,2.13,E676V,P,A2027T,A to T,nonsynonymous SNV,47,gr2b_bl_lung,No,A2027T,E676V,-
gr2b_bl_lung.fastq.gz,P S679S,6488,2.44,S679S,P,A2037T,A to T,synonymous SNV,41,gr2b_bl_lung,No,A2037T,S679S,-
gr2b_bl_lung.fastq.gz,P T700T,6551,3.57,T700T,P,T2100C,T to C,synonymous SNV,28,gr2b_bl_lung,No,T2100C,T700T,-
gr2b_bl_lung.fastq.gz,P G707S,6570,3.57,G707S,P,G2119A,G to A,nonsynonymous SNV,28,gr2b_bl_lung,No,G2119A,G707S,-
gr2b_bl_lung.fastq.gz,M E11K,7184,2.17,E11K,M,G31A,G to A,nonsynonymous SNV,46,gr2b_bl_lung,No,G31A,E11K,-
gr2b_bl_lung.fastq.gz,M E36E,7261,2.27,E36E,M,A108G,A to G,synonymous SNV,44,gr2b_bl_lung,No,A108G,E36E,-
gr2b_bl_lung.fastq.gz,M N55D,7316,1.75,N55D,M,A163G,A to G,nonsynonymous SNV,57,gr2b_bl_lung,No,A163G,N55D,-
gr2b_bl_lung.fastq.gz,M M63R,7341,1.69,M63R,M,T188G,T to G,nonsynonymous SNV,59,gr2b_bl_lung,No,T188G,M63R,-
gr2b_bl_lung.fastq.gz,M C67F,7353,1.61,C67F,M,G200T,G to T,nonsynonymous SNV,62,gr2b_bl_lung,No,G200T,C67F,-
gr2b_bl_lung.fastq.gz,M K85E,7406,1.69,K85E,M,A253G,A to G,nonsynonymous SNV,59,gr2b_bl_lung,No,A253G,K85E,-
gr2b_bl_lung.fastq.gz,M S267P,7952,4.35,S267P,M,T799C,T to C,nonsynonymous SNV,23,gr2b_bl_lung,No,T799C,S267P,-
gr2b_bl_lung.fastq.gz,M L309P,8079,3.03,L309P,M,T926C,T to C,nonsynonymous SNV,33,gr2b_bl_lung,No,T926C,L309P,-
gr2b_bl_lung.fastq.gz,M F342V,8177,3.85,F342V,M,T1024G,T to G,nonsynonymous SNV,26,gr2b_bl_lung,No,T1024G,F342V,-
gr2b_bl_lung.fastq.gz,M L350L,8203,3.85,L350L,M,A1050T,A to T,synonymous SNV,26,gr2b_bl_lung,No,A1050T,L350L,-
gr2b_bl_lung.fastq.gz,F M1R,8707,4.76,M1R,F,T2G,T to G,nonsynonymous SNV,21,gr2b_bl_lung,No,T2G,M1R,-
gr2b_bl_lung.fastq.gz,F I62V,8889,3.57,I62V,F,A184G,A to G,nonsynonymous SNV,28,gr2b_bl_lung,No,A184G,I62V,-
gr2b_bl_lung.fastq.gz,F L104I,9015,2.86,L104I,F,C310A,C to A,nonsynonymous SNV,35,gr2b_bl_lung,No,C310A,L104I,-
gr2b_bl_lung.fastq.gz,F A123S,9072,2.56,A123S,F,G367T,G to T,nonsynonymous SNV,39,gr2b_bl_lung,No,G367T,A123S,-
gr2b_bl_lung.fastq.gz,F K160N,9185,2.94,K160N,F,G480T,G to T,nonsynonymous SNV,34,gr2b_bl_lung,No,G480T,K160N,-
gr2b_bl_lung.fastq.gz,F N224K,9377,2.78,N224K,F,T672A,T to A,nonsynonymous SNV,36,gr2b_bl_lung,No,T672A,N224K,-
gr2b_bl_lung.fastq.gz,F S232F,9400,2.94,S232F,F,C695T,C to T,nonsynonymous SNV,34,gr2b_bl_lung,No,C695T,S232F,-
gr2b_bl_lung.fastq.gz,F F282S,9550,1.89,F282S,F,T845C,T to C,nonsynonymous SNV,53,gr2b_bl_lung,No,T845C,F282S,-
gr2b_bl_lung.fastq.gz,F N320D,9663,1.89,N320D,F,A958G,A to G,nonsynonymous SNV,53,gr2b_bl_lung,No,A958G,N320D,-
gr2b_bl_lung.fastq.gz,F M348K,9748,1.89,M348K,F,T1043A,T to A,nonsynonymous SNV,53,gr2b_bl_lung,No,T1043A,M348K,-
gr2b_bl_lung.fastq.gz,F R353K,9763,1.92,R353K,F,G1058A,G to A,nonsynonymous SNV,52,gr2b_bl_lung,No,G1058A,R353K,-
gr2b_bl_lung.fastq.gz,F P374L,9826,1.75,P374L,F,C1121T,C to T,nonsynonymous SNV,57,gr2b_bl_lung,No,C1121T,P374L,-
gr2b_bl_lung.fastq.gz,F N380H,9843,1.64,N380H,F,A1138C,A to C,nonsynonymous SNV,61,gr2b_bl_lung,No,A1138C,N380H,-
gr2b_bl_lung.fastq.gz,F N386Y,9861,1.64,N386Y,F,A1156T,A to T,nonsynonymous SNV,61,gr2b_bl_lung,No,A1156T,N386Y,-
gr2b_bl_lung.fastq.gz,F N424S,9976,1.89,N424S,F,A1271G,A to G,nonsynonymous SNV,53,gr2b_bl_lung,No,A1271G,N424S,-
gr2b_bl_lung.fastq.gz,F V425E,9979,1.89,V425E,F,T1274A,T to A,nonsynonymous SNV,53,gr2b_bl_lung,No,T1274A,V425E,-
gr2b_bl_lung.fastq.gz,F L433P,10003,1.92,L433P,F,T1298C,T to C,nonsynonymous SNV,52,gr2b_bl_lung,No,T1298C,L433P,-
gr2b_bl_lung.fastq.gz,F I445V,10038,2.22,I445V,F,A1333G,A to G,nonsynonymous SNV,45,gr2b_bl_lung,No,A1333G,I445V,-
gr2b_bl_lung.fastq.gz,F E519E,10262,2.7,E519E,F,G1557A,G to A,synonymous SNV,37,gr2b_bl_lung,No,G1557A,E519E,-
gr2b_bl_lung.fastq.gz,glycoprotein I25T,11068,2.5,I25T,glycoprotein,T74C,T to C,nonsynonymous SNV,40,gr2b_bl_lung,No,T74C,I25T,-
gr2b_bl_lung.fastq.gz,glycoprotein I46V,11130,3.03,I46V,glycoprotein,A136G,A to G,nonsynonymous SNV,33,gr2b_bl_lung,No,A136G,I46V,-
gr2b_bl_lung.fastq.gz,glycoprotein K147R,11434,2.78,K147R,glycoprotein,A440G,A to G,nonsynonymous SNV,36,gr2b_bl_lung,No,A440G,K147R,-
gr2b_bl_lung.fastq.gz,glycoprotein P163P,11483,2.7,P163P,glycoprotein,T489C,T to C,synonymous SNV,37,gr2b_bl_lung,No,T489C,P163P,-
gr2b_bl_lung.fastq.gz,glycoprotein N187N,11555,3.03,N187N,glycoprotein,T561C,T to C,synonymous SNV,33,gr2b_bl_lung,No,T561C,N187N,-
gr2b_bl_lung.fastq.gz,glycoprotein L222L,11658,2.63,L222L,glycoprotein,C664T,C to T,synonymous SNV,38,gr2b_bl_lung,No,C664T,L222L,-
gr2b_bl_lung.fastq.gz,glycoprotein Y231Y,11687,2.44,Y231Y,glycoprotein,T693C,T to C,synonymous SNV,41,gr2b_bl_lung,No,T693C,Y231Y,-
gr2b_bl_lung.fastq.gz,glycoprotein C282R,11838,2.44,C282R,glycoprotein,T844C,T to C,complex,41,gr2b_bl_lung,No,T844C,C282R,-
gr2b_bl_lung.fastq.gz,glycoprotein C282S,11839,2.44,C282S,glycoprotein,G845C,G to C,complex,41,gr2b_bl_lung,No,G845C,C282S,-
gr2b_bl_lung.fastq.gz,glycoprotein S283R,11841,2.33,S283R,glycoprotein,A847C,A to C,nonsynonymous SNV,43,gr2b_bl_lung,No,A847C,S283R,-
gr2b_bl_lung.fastq.gz,glycoprotein P350T,12042,2.7,P350T,glycoprotein,C1048A,C to A,nonsynonymous SNV,37,gr2b_bl_lung,No,C1048A,P350T,-
gr2b_bl_lung.fastq.gz,glycoprotein G368G,12098,2.44,G368G,glycoprotein,A1104C,A to C,synonymous SNV,41,gr2b_bl_lung,No,A1104C,G368G,-
gr2b_bl_lung.fastq.gz,glycoprotein P403P,12203,2.5,P403P,glycoprotein,A1209G,A to G,synonymous SNV,40,gr2b_bl_lung,No,A1209G,P403P,-
gr2b_bl_lung.fastq.gz,glycoprotein S432P,12288,2.56,S432P,glycoprotein,T1294C,T to C,nonsynonymous SNV,39,gr2b_bl_lung,No,T1294C,S432P,-
gr2b_bl_lung.fastq.gz,glycoprotein V477A,12424,2.63,V477A,glycoprotein,T1430C,T to C,nonsynonymous SNV,38,gr2b_bl_lung,No,T1430C,V477A,-
gr2b_bl_lung.fastq.gz,glycoprotein L513L,12531,2.33,L513L,glycoprotein,C1537T,C to T,synonymous SNV,43,gr2b_bl_lung,No,C1537T,L513L,-
gr2b_bl_lung.fastq.gz,glycoprotein C574R,12714,4,C574R,glycoprotein,T1720C,T to C,nonsynonymous SNV,25,gr2b_bl_lung,No,T1720C,C574R,-
gr2b_bl_lung.fastq.gz,L_protein N76D,13689,9.09,N76D,L_protein,A226G,A to G,nonsynonymous SNV,11,gr2b_bl_lung,No,A226G,N76D,-
gr2b_bl_lung.fastq.gz,L_protein K124K,13835,6.67,K124K,L_protein,A372G,A to G,synonymous SNV,15,gr2b_bl_lung,No,A372G,K124K,-
gr2b_bl_lung.fastq.gz,L_protein Y167Y,13964,5.88,Y167Y,L_protein,T501C,T to C,synonymous SNV,17,gr2b_bl_lung,No,T501C,Y167Y,-
gr2b_bl_lung.fastq.gz,L_protein A182E,14008,5,A182E,L_protein,C545A,C to A,nonsynonymous SNV,20,gr2b_bl_lung,No,C545A,A182E,-
gr2b_bl_lung.fastq.gz,L_protein I199V,14058,3.85,I199V,L_protein,A595G,A to G,nonsynonymous SNV,26,gr2b_bl_lung,No,A595G,I199V,-
gr2b_bl_lung.fastq.gz,L_protein V235V,14168,2.94,V235V,L_protein,T705G,T to G,synonymous SNV,34,gr2b_bl_lung,No,T705G,V235V,-
gr2b_bl_lung.fastq.gz,L_protein A370T,14571,1.92,A370T,L_protein,G1108A,G to A,nonsynonymous SNV,52,gr2b_bl_lung,No,G1108A,A370T,-
gr2b_bl_lung.fastq.gz,L_protein H423H,14732,3.12,H423H,L_protein,T1269C,T to C,synonymous SNV,32,gr2b_bl_lung,No,T1269C,H423H,-
gr2b_bl_lung.fastq.gz,L_protein V491M,14934,2.27,V491M,L_protein,G1471A,G to A,nonsynonymous SNV,44,gr2b_bl_lung,No,G1471A,V491M,-
gr2b_bl_lung.fastq.gz,L_protein K498R,14956,2.04,K498R,L_protein,A1493G,A to G,nonsynonymous SNV,49,gr2b_bl_lung,No,A1493G,K498R,-
gr2b_bl_lung.fastq.gz,L_protein S526F,15040,1.89,S526F,L_protein,C1577T,C to T,nonsynonymous SNV,53,gr2b_bl_lung,No,C1577T,S526F,-
gr2b_bl_lung.fastq.gz,L_protein S540C,15081,2,S540C,L_protein,A1618T,A to T,nonsynonymous SNV,50,gr2b_bl_lung,No,A1618T,S540C,-
gr2b_bl_lung.fastq.gz,L_protein A569T,15168,1.45,A569T,L_protein,G1705A,G to A,nonsynonymous SNV,69,gr2b_bl_lung,No,G1705A,A569T,-
gr2b_bl_lung.fastq.gz,L_protein K586E,15219,1.75,K586E,L_protein,A1756G,A to G,nonsynonymous SNV,57,gr2b_bl_lung,No,A1756G,K586E,-
gr2b_bl_lung.fastq.gz,L_protein G610S,15291,1.92,G610S,L_protein,G1828A,G to A,nonsynonymous SNV,52,gr2b_bl_lung,No,G1828A,G610S,-
gr2b_bl_lung.fastq.gz,L_protein N638T,15376,2,N638T,L_protein,A1913C,A to C,nonsynonymous SNV,50,gr2b_bl_lung,No,A1913C,N638T,-
gr2b_bl_lung.fastq.gz,L_protein N649Y,15408,1.72,N649Y,L_protein,A1945T,A to T,nonsynonymous SNV,58,gr2b_bl_lung,No,A1945T,N649Y,-
gr2b_bl_lung.fastq.gz,L_protein V657V,15434,1.96,V657V,L_protein,C1971G,C to G,synonymous SNV,51,gr2b_bl_lung,No,C1971G,V657V,-
gr2b_bl_lung.fastq.gz,L_protein A717E,15613,2.44,A717E,L_protein,C2150A,C to A,nonsynonymous SNV,41,gr2b_bl_lung,No,C2150A,A717E,-
gr2b_bl_lung.fastq.gz,L_protein Y746Y,15701,2.33,Y746Y,L_protein,C2238T,C to T,synonymous SNV,43,gr2b_bl_lung,No,C2238T,Y746Y,-
gr2b_bl_lung.fastq.gz,L_protein K777E,15792,2.38,K777E,L_protein,A2329G,A to G,nonsynonymous SNV,42,gr2b_bl_lung,No,A2329G,K777E,-
gr2b_bl_lung.fastq.gz,L_protein A837V,15973,2,A837V,L_protein,C2510T,C to T,nonsynonymous SNV,50,gr2b_bl_lung,No,C2510T,A837V,-
gr2b_bl_lung.fastq.gz,L_protein I838V,15975,2.04,I838V,L_protein,A2512G,A to G,nonsynonymous SNV,49,gr2b_bl_lung,No,A2512G,I838V,-
gr2b_bl_lung.fastq.gz,L_protein K857K,16034,2.5,K857K,L_protein,A2571G,A to G,synonymous SNV,40,gr2b_bl_lung,No,A2571G,K857K,-
gr2b_bl_lung.fastq.gz,L_protein R867S,16064,2.56,R867S,L_protein,G2601T,G to T,nonsynonymous SNV,39,gr2b_bl_lung,No,G2601T,R867S,-
gr2b_bl_lung.fastq.gz,L_protein A872A,16079,2.33,A872A,L_protein,T2616C,T to C,synonymous SNV,43,gr2b_bl_lung,No,T2616C,A872A,-
gr2b_bl_lung.fastq.gz,L_protein L906I,16179,1.54,L906I,L_protein,C2716A,C to A,complex,65,gr2b_bl_lung,No,C2716A,L906I,-
gr2b_bl_lung.fastq.gz,L_protein L906H,16180,1.49,L906H,L_protein,T2717A,T to A,complex,67,gr2b_bl_lung,No,T2717A,L906H,-
gr2b_bl_lung.fastq.gz,L_protein N929S,16249,1.56,N929S,L_protein,A2786G,A to G,nonsynonymous SNV,64,gr2b_bl_lung,No,A2786G,N929S,-
gr2b_bl_lung.fastq.gz,L_protein A937A,16274,1.33,A937A,L_protein,T2811A,T to A,synonymous SNV,75,gr2b_bl_lung,No,T2811A,A937A,-
gr2b_bl_lung.fastq.gz,L_protein L942S,16288,1.35,L942S,L_protein,T2825C,T to C,nonsynonymous SNV,74,gr2b_bl_lung,No,T2825C,L942S,-
gr2b_bl_lung.fastq.gz,L_protein N951N,16316,1.35,N951N,L_protein,T2853C,T to C,synonymous SNV,74,gr2b_bl_lung,No,T2853C,N951N,-
gr2b_bl_lung.fastq.gz,L_protein G1013A,16501,1.54,G1013A,L_protein,G3038C,G to C,nonsynonymous SNV,65,gr2b_bl_lung,No,G3038C,G1013A,-
gr2b_bl_lung.fastq.gz,L_protein D1014G,16504,1.54,D1014G,L_protein,A3041G,A to G,nonsynonymous SNV,65,gr2b_bl_lung,No,A3041G,D1014G,-
gr2b_bl_lung.fastq.gz,L_protein P1015A,16506,1.49,P1015A,L_protein,C3043G,C to G,nonsynonymous SNV,67,gr2b_bl_lung,No,C3043G,P1015A,-
gr2b_bl_lung.fastq.gz,L_protein I1031V,16554,1.47,I1031V,L_protein,A3091G,A to G,nonsynonymous SNV,68,gr2b_bl_lung,No,A3091G,I1031V,-
gr2b_bl_lung.fastq.gz,L_protein E1034E,16565,1.43,E1034E,L_protein,A3102G,A to G,synonymous SNV,70,gr2b_bl_lung,No,A3102G,E1034E,-
gr2b_bl_lung.fastq.gz,L_protein Q1038R,16576,1.43,Q1038R,L_protein,A3113G,A to G,nonsynonymous SNV,70,gr2b_bl_lung,No,A3113G,Q1038R,-
gr2b_bl_lung.fastq.gz,L_protein P1063H,16651,1.85,P1063H,L_protein,C3188A,C to A,nonsynonymous SNV,54,gr2b_bl_lung,No,C3188A,P1063H,-
gr2b_bl_lung.fastq.gz,L_protein R1111R,16796,2.44,R1111R,L_protein,G3333A,G to A,synonymous SNV,41,gr2b_bl_lung,No,G3333A,R1111R,-
gr2b_bl_lung.fastq.gz,L_protein I1122I,16829,1.92,I1122I,L_protein,A3366C,A to C,synonymous SNV,52,gr2b_bl_lung,No,A3366C,I1122I,-
gr2b_bl_lung.fastq.gz,L_protein E1133K,16860,2,E1133K,L_protein,G3397A,G to A,nonsynonymous SNV,50,gr2b_bl_lung,No,G3397A,E1133K,-
gr2b_bl_lung.fastq.gz,L_protein G1148E,16906,1.92,G1148E,L_protein,G3443A,G to A,nonsynonymous SNV,52,gr2b_bl_lung,No,G3443A,G1148E,-
gr2b_bl_lung.fastq.gz,L_protein K1151M,16915,1.82,K1151M,L_protein,A3452T,A to T,nonsynonymous SNV,55,gr2b_bl_lung,No,A3452T,K1151M,-
gr2b_bl_lung.fastq.gz,L_protein C1314C,17405,2.86,C1314C,L_protein,T3942C,T to C,synonymous SNV,35,gr2b_bl_lung,No,T3942C,C1314C,-
gr2b_bl_lung.fastq.gz,L_protein L1403L,17672,1.75,L1403L,L_protein,G4209A,G to A,synonymous SNV,57,gr2b_bl_lung,No,G4209A,L1403L,-
gr2b_bl_lung.fastq.gz,L_protein V1424G,17734,1.96,V1424G,L_protein,T4271G,T to G,nonsynonymous SNV,51,gr2b_bl_lung,No,T4271G,V1424G,-
gr2b_bl_lung.fastq.gz,L_protein V1439A,17779,2.04,V1439A,L_protein,T4316C,T to C,nonsynonymous SNV,49,gr2b_bl_lung,No,T4316C,V1439A,-
gr2b_bl_lung.fastq.gz,L_protein P1444A,17793,1.82,P1444A,L_protein,C4330G,C to G,nonsynonymous SNV,55,gr2b_bl_lung,No,C4330G,P1444A,-
gr2b_bl_lung.fastq.gz,L_protein D1467D,17864,4.08,D1467D,L_protein,T4401C,T to C,synonymous SNV,49,gr2b_bl_lung,No,T4401C,D1467D,-
gr2b_bl_lung.fastq.gz,L_protein C1468G,17865,2,C1468G,L_protein,T4402G,T to G,nonsynonymous SNV,50,gr2b_bl_lung,No,T4402G,C1468G,-
gr2b_bl_lung.fastq.gz,L_protein R1479G,17898,2.63,R1479G,L_protein,A4435G,A to G,nonsynonymous SNV,38,gr2b_bl_lung,No,A4435G,R1479G,-
gr2b_bl_lung.fastq.gz,L_protein P1563L,18151,2.22,P1563L,L_protein,C4688T,C to T,nonsynonymous SNV,45,gr2b_bl_lung,No,C4688T,P1563L,-
gr2b_bl_lung.fastq.gz,L_protein I1577V,18192,2.33,I1577V,L_protein,A4729G,A to G,nonsynonymous SNV,43,gr2b_bl_lung,No,A4729G,I1577V,-
gr2b_bl_lung.fastq.gz,L_protein W1639R,18378,1.92,W1639R,L_protein,T4915A,T to A,complex,52,gr2b_bl_lung,No,T4915A,W1639R,-
gr2b_bl_lung.fastq.gz,L_protein W1639S,18379,1.92,W1639S,L_protein,G4916C,G to C,complex,52,gr2b_bl_lung,No,G4916C,W1639S,-
gr2b_bl_lung.fastq.gz,L_protein D1641E,18386,2.13,D1641E,L_protein,C4923G,C to G,nonsynonymous SNV,47,gr2b_bl_lung,No,C4923G,D1641E,-
gr2b_bl_lung.fastq.gz,L_protein S1704Y,18574,3.12,S1704Y,L_protein,C5111A,C to A,nonsynonymous SNV,32,gr2b_bl_lung,No,C5111A,S1704Y,-
gr2b_bl_lung.fastq.gz,L_protein M1753R,18721,2.33,M1753R,L_protein,T5258G,T to G,nonsynonymous SNV,43,gr2b_bl_lung,No,T5258G,M1753R,-
gr2b_bl_lung.fastq.gz,L_protein I1777L,18792,13.95,I1777L,L_protein,A5329T,A to T,nonsynonymous SNV,43,gr2b_bl_lung,No,A5329T,I1777L,-
gr2b_bl_lung.fastq.gz,L_protein K1793E,18840,2.5,K1793E,L_protein,A5377G,A to G,nonsynonymous SNV,40,gr2b_bl_lung,No,A5377G,K1793E,-
gr2b_bl_lung.fastq.gz,L_protein A1822A,18929,1.85,A1822A,L_protein,A5466T,A to T,synonymous SNV,54,gr2b_bl_lung,No,A5466T,A1822A,-
gr2b_bl_lung.fastq.gz,L_protein Y1832Y,18959,1.59,Y1832Y,L_protein,T5496C,T to C,synonymous SNV,63,gr2b_bl_lung,No,T5496C,Y1832Y,-
gr2b_bl_lung.fastq.gz,L_protein L1840L,18983,1.45,L1840L,L_protein,G5520A,G to A,synonymous SNV,69,gr2b_bl_lung,No,G5520A,L1840L,-
gr2b_bl_lung.fastq.gz,L_protein L1902L,19169,1.59,L1902L,L_protein,G5706C,G to C,synonymous SNV,126,gr2b_bl_lung,No,G5706C,L1902L,-
gr2b_bl_lung.fastq.gz,L_protein N1927I,19243,1.01,N1927I,L_protein,A5780T,A to T,nonsynonymous SNV,99,gr2b_bl_lung,No,A5780T,N1927I,-
gr2b_bl_lung.fastq.gz,L_protein S1943S,19292,1.54,S1943S,L_protein,T5829G,T to G,synonymous SNV,65,gr2b_bl_lung,No,T5829G,S1943S,-
gr2b_bl_lung.fastq.gz,L_protein P1981P,19406,1.27,P1981P,L_protein,C5943A,C to A,synonymous SNV,79,gr2b_bl_lung,No,C5943A,P1981P,-
gr2b_bl_lung.fastq.gz,L_protein S1994S,19445,1.41,S1994S,L_protein,A5982G,A to G,synonymous SNV,71,gr2b_bl_lung,No,A5982G,S1994S,-
gr2b_bl_lung.fastq.gz,L_protein G1997R,19452,1.3,G1997R,L_protein,G5989A,G to A,nonsynonymous SNV,77,gr2b_bl_lung,No,G5989A,G1997R,-
gr2b_bl_lung.fastq.gz,L_protein S2036S,19571,4.08,S2036S,L_protein,T6108C,T to C,synonymous SNV,49,gr2b_bl_lung,No,T6108C,S2036S,-
gr2b_bl_lung.fastq.gz,L_protein N2043N,19592,2.27,N2043N,L_protein,T6129C,T to C,synonymous SNV,44,gr2b_bl_lung,No,T6129C,N2043N,-
gr2b_bl_lung.fastq.gz,L_protein T2080A,19701,1.92,T2080A,L_protein,A6238G,A to G,nonsynonymous SNV,52,gr2b_bl_lung,No,A6238G,T2080A,-
gr2b_bl_lung.fastq.gz,L_protein N2115K,19808,1.92,N2115K,L_protein,C6345G,C to G,nonsynonymous SNV,52,gr2b_bl_lung,No,C6345G,N2115K,-
gr2b_bl_lung.fastq.gz,L_protein M2124L,19833,1.75,M2124L,L_protein,A6370T,A to T,nonsynonymous SNV,57,gr2b_bl_lung,No,A6370T,M2124L,-
gr2b_bl_lung.fastq.gz,L_protein A2128V,19846,1.64,A2128V,L_protein,C6383T,C to T,nonsynonymous SNV,61,gr2b_bl_lung,No,C6383T,A2128V,-
gr2b_bl_lung.fastq.gz,L_protein F2132Y,19858,1.61,F2132Y,L_protein,T6395A,T to A,nonsynonymous SNV,62,gr2b_bl_lung,No,T6395A,F2132Y,-
gr2b_bl_lung.fastq.gz,L_protein H2182H,20009,1.59,H2182H,L_protein,C6546T,C to T,synonymous SNV,63,gr2b_bl_lung,No,C6546T,H2182H,-
gr2b_bl_lung.fastq.gz,NP Y279*,949,1.2,Y279*,NP,T837G,T to G,stopgain,83,gr2b_bl_lung,No,T837G,Y279*,-
gr2b_bl_lung.fastq.gz,P R432*,5745,2.27,R432*,P,C1294T,C to T,stopgain,44,gr2b_bl_lung,No,C1294T,R432*,-
gr2b_bl_lung.fastq.gz,F Q219*,9360,3.23,Q219*,F,C655T,C to T,stopgain,31,gr2b_bl_lung,No,C655T,Q219*,-
gr2b_bl_lung.fastq.gz,F R479*,10140,3.03,R479*,F,C1435T,C to T,stopgain,33,gr2b_bl_lung,No,C1435T,R479*,-
gr2b_bl_lung.fastq.gz,L_protein Q259*,14238,2.22,Q259*,L_protein,C775T,C to T,stopgain,45,gr2b_bl_lung,No,C775T,Q259*,-
gr2b_bl_lung.fastq.gz,L_protein L353*,14521,1.96,L353*,L_protein,T1058A,T to A,stopgain,51,gr2b_bl_lung,No,T1058A,L353*,-
gr2b_bl_lung.fastq.gz,L_protein K725*,15636,2.33,K725*,L_protein,A2173T,A to T,stopgain,43,gr2b_bl_lung,No,A2173T,K725*,-
gr2b_bl_lung.fastq.gz,L_protein R1732*,18657,2.44,R1732*,L_protein,A5194T,A to T,stopgain,41,gr2b_bl_lung,No,A5194T,R1732*,-
gr2b_bl_lung.fastq.gz,L_protein K2154*,19923,1.32,K2154*,L_protein,A6460T,A to T,stopgain,76,gr2b_bl_lung,No,A6460T,K2154*,-
gr2b_rd_lung.fastq.gz,NP A55A,277,2.63,A55A,NP,A165G,A to G,synonymous SNV,38,gr2b_rd_lung,No,A165G,A55A,-
gr2b_rd_lung.fastq.gz,NP I59F,287,2.56,I59F,NP,A175T,A to T,nonsynonymous SNV,39,gr2b_rd_lung,No,A175T,I59F,-
gr2b_rd_lung.fastq.gz,NP G85G,367,2,G85G,NP,G255A,G to A,synonymous SNV,50,gr2b_rd_lung,No,G255A,G85G,-
gr2b_rd_lung.fastq.gz,NP Q122R,477,1.15,Q122R,NP,A365G,A to G,nonsynonymous SNV,87,gr2b_rd_lung,No,A365G,Q122R,-
gr2b_rd_lung.fastq.gz,NP V146A,549,1.3,V146A,NP,T437C,T to C,nonsynonymous SNV,77,gr2b_rd_lung,No,T437C,V146A,-
gr2b_rd_lung.fastq.gz,NP G152G,568,2.6,G152G,NP,C456A,C to A,synonymous SNV,77,gr2b_rd_lung,No,C456A,G152G,-
gr2b_rd_lung.fastq.gz,NP I168V,614,1.32,I168V,NP,A502G,A to G,nonsynonymous SNV,76,gr2b_rd_lung,No,A502G,I168V,-
gr2b_rd_lung.fastq.gz,NP T185N,666,1.56,T185N,NP,C554A,C to A,nonsynonymous SNV,64,gr2b_rd_lung,No,C554A,T185N,-
gr2b_rd_lung.fastq.gz,NP W213C,751,1.52,W213C,NP,G639T,G to T,nonsynonymous SNV,66,gr2b_rd_lung,No,G639T,W213C,-
gr2b_rd_lung.fastq.gz,NP T215S,755,1.45,T215S,NP,A643T,A to T,nonsynonymous SNV,69,gr2b_rd_lung,No,A643T,T215S,-
gr2b_rd_lung.fastq.gz,NP S224G,782,1.64,S224G,NP,A670G,A to G,nonsynonymous SNV,61,gr2b_rd_lung,No,A670G,S224G,-
gr2b_rd_lung.fastq.gz,NP I236I,820,1.75,I236I,NP,C708T,C to T,synonymous SNV,57,gr2b_rd_lung,No,C708T,I236I,-
gr2b_rd_lung.fastq.gz,NP F267Y,912,2.33,F267Y,NP,T800A,T to A,nonsynonymous SNV,43,gr2b_rd_lung,No,T800A,F267Y,-
gr2b_rd_lung.fastq.gz,NP L275L,937,2.44,L275L,NP,G825A,G to A,synonymous SNV,41,gr2b_rd_lung,No,G825A,L275L,-
gr2b_rd_lung.fastq.gz,NP L284H,963,2.33,L284H,NP,T851A,T to A,nonsynonymous SNV,43,gr2b_rd_lung,No,T851A,L284H,-
gr2b_rd_lung.fastq.gz,NP S289C,977,2.44,S289C,NP,A865T,A to T,nonsynonymous SNV,41,gr2b_rd_lung,No,A865T,S289C,-
gr2b_rd_lung.fastq.gz,NP D290E,982,2.33,D290E,NP,C870G,C to G,nonsynonymous SNV,43,gr2b_rd_lung,No,C870G,D290E,-
gr2b_rd_lung.fastq.gz,NP P309H,1038,2.38,P309H,NP,C926A,C to A,nonsynonymous SNV,42,gr2b_rd_lung,No,C926A,P309H,-
gr2b_rd_lung.fastq.gz,NP I341T,1134,2.04,I341T,NP,T1022C,T to C,nonsynonymous SNV,49,gr2b_rd_lung,No,T1022C,I341T,-
gr2b_rd_lung.fastq.gz,NP D342D,1138,1.96,D342D,NP,C1026T,C to T,synonymous SNV,51,gr2b_rd_lung,No,C1026T,D342D,-
gr2b_rd_lung.fastq.gz,NP T445T,1447,2.63,T445T,NP,T1335C,T to C,synonymous SNV,38,gr2b_rd_lung,No,T1335C,T445T,-
gr2b_rd_lung.fastq.gz,NP V464V,1504,2.94,V464V,NP,G1392T,G to T,synonymous SNV,34,gr2b_rd_lung,No,G1392T,V464V,-
gr2b_rd_lung.fastq.gz,NP S493T,1589,2.63,S493T,NP,T1477A,T to A,nonsynonymous SNV,38,gr2b_rd_lung,No,T1477A,S493T,-
gr2b_rd_lung.fastq.gz,NP T497A,1601,2.63,T497A,NP,A1489G,A to G,complex,38,gr2b_rd_lung,No,A1489G,T497A,-
gr2b_rd_lung.fastq.gz,NP T497T,1603,5.71,T497T,NP,A1491G,A to G,complex,35,gr2b_rd_lung,No,A1491G,T497T,-
gr2b_rd_lung.fastq.gz,GLuc A17A,2456,2.5,A17A,GLuc,C51A,C to A,synonymous SNV,40,gr2b_rd_lung,No,C51A,A17A,-
gr2b_rd_lung.fastq.gz,GLuc F35Y,2509,2.44,F35Y,GLuc,T104A,T to A,nonsynonymous SNV,41,gr2b_rd_lung,No,T104A,F35Y,-
gr2b_rd_lung.fastq.gz,GLuc K58N,2579,1.41,K58N,GLuc,A174T,A to T,nonsynonymous SNV,71,gr2b_rd_lung,No,A174T,K58N,-
gr2b_rd_lung.fastq.gz,GLuc R71R,2618,1.12,R71R,GLuc,G213A,G to A,synonymous SNV,89,gr2b_rd_lung,No,G213A,R71R,-
gr2b_rd_lung.fastq.gz,GLuc S78S,2639,1.03,S78S,GLuc,C234G,C to G,synonymous SNV,97,gr2b_rd_lung,No,C234G,S78S,-
gr2b_rd_lung.fastq.gz,GLuc Y97D,2694,1.02,Y97D,GLuc,T289G,T to G,nonsynonymous SNV,98,gr2b_rd_lung,No,T289G,Y97D,-
gr2b_rd_lung.fastq.gz,GLuc G99D,2701,4.08,G99D,GLuc,G296A,G to A,nonsynonymous SNV,98,gr2b_rd_lung,No,G296A,G99D,-
gr2b_rd_lung.fastq.gz,GLuc P116L,2752,1.05,P116L,GLuc,C347T,C to T,nonsynonymous SNV,95,gr2b_rd_lung,No,C347T,P116L,-
gr2b_rd_lung.fastq.gz,GLuc I118I,2759,1.09,I118I,GLuc,T354A,T to A,synonymous SNV,92,gr2b_rd_lung,No,T354A,I118I,-
gr2b_rd_lung.fastq.gz,GLuc G120G,2765,1.04,G120G,GLuc,G360C,G to C,synonymous SNV,96,gr2b_rd_lung,No,G360C,G120G,-
gr2b_rd_lung.fastq.gz,GLuc F121L,2766,1.09,F121L,GLuc,T361C,T to C,nonsynonymous SNV,92,gr2b_rd_lung,No,T361C,F121L,-
gr2b_rd_lung.fastq.gz,GLuc K122R,2770,1.04,K122R,GLuc,A365G,A to G,nonsynonymous SNV,96,gr2b_rd_lung,No,A365G,K122R,-
gr2b_rd_lung.fastq.gz,GLuc L124L,2777,1.03,L124L,GLuc,G372A,G to A,synonymous SNV,97,gr2b_rd_lung,No,G372A,L124L,-
gr2b_rd_lung.fastq.gz,GLuc Q129E,2790,5.56,Q129E,GLuc,C385G,C to G,nonsynonymous SNV,90,gr2b_rd_lung,No,C385G,Q129E,-
gr2b_rd_lung.fastq.gz,GLuc A132S,2799,1.14,A132S,GLuc,G394T,G to T,nonsynonymous SNV,88,gr2b_rd_lung,No,G394T,A132S,-
gr2b_rd_lung.fastq.gz,GLuc C140Y,2824,1.06,C140Y,GLuc,G419A,G to A,nonsynonymous SNV,94,gr2b_rd_lung,No,G419A,C140Y,-
gr2b_rd_lung.fastq.gz,GLuc G183G,2954,1.37,G183G,GLuc,T549A,T to A,synonymous SNV,73,gr2b_rd_lung,No,T549A,G183G,-
gr2b_rd_lung.fastq.gz,GLuc S186T,2962,1.33,S186T,GLuc,G557C,G to C,complex,75,gr2b_rd_lung,No,G557C,S186T,-
gr2b_rd_lung.fastq.gz,GLuc S186R,2963,1.32,S186R,GLuc,C558G,C to G,complex,76,gr2b_rd_lung,No,C558G,S186R,-
gr2b_rd_lung.fastq.gz,GLuc R188R,2969,3.75,R188R,GLuc,C564T,C to T,synonymous SNV,80,gr2b_rd_lung,No,C564T,R188R,-
gr2b_rd_lung.fastq.gz,P2A E14E,3011,1.2,E14E,P2A,A42G,A to G,synonymous SNV,83,gr2b_rd_lung,No,A42G,E14E,-
gr2b_rd_lung.fastq.gz,eGFP M1K,3028,1.11,M1K,eGFP,T2A,T to A,nonsynonymous SNV,90,gr2b_rd_lung,No,T2A,M1K,-
gr2b_rd_lung.fastq.gz,eGFP E7G,3046,1.03,E7G,eGFP,A20G,A to G,nonsynonymous SNV,98,gr2b_rd_lung,No,A20G,E7G,-
gr2b_rd_lung.fastq.gz,eGFP G128G,3410,1.04,G128G,eGFP,C384T,C to T,synonymous SNV,96,gr2b_rd_lung,No,C384T,G128G,-
gr2b_rd_lung.fastq.gz,eGFP N136S,3433,1.03,N136S,eGFP,A407G,A to G,nonsynonymous SNV,97,gr2b_rd_lung,No,A407G,N136S,-
gr2b_rd_lung.fastq.gz,eGFP D211N,3657,1.43,D211N,eGFP,G631A,G to A,nonsynonymous SNV,70,gr2b_rd_lung,No,G631A,D211N,-
gr2b_rd_lung.fastq.gz,P K43N,4580,2.27,K43N,P,A129C,A to C,nonsynonymous SNV,44,gr2b_rd_lung,No,A129C,K43N,-
gr2b_rd_lung.fastq.gz,P G68R,4653,1.75,G68R,P,G202A,G to A,nonsynonymous SNV,57,gr2b_rd_lung,No,G202A,G68R,-
gr2b_rd_lung.fastq.gz,P T84I,4702,2,T84I,P,C251T,C to T,nonsynonymous SNV,50,gr2b_rd_lung,No,C251T,T84I,-
gr2b_rd_lung.fastq.gz,P E122V,4816,2.78,E122V,P,A365T,A to T,nonsynonymous SNV,36,gr2b_rd_lung,No,A365T,E122V,-
gr2b_rd_lung.fastq.gz,P E133V,4849,3.23,E133V,P,A398T,A to T,nonsynonymous SNV,31,gr2b_rd_lung,No,A398T,E133V,-
gr2b_rd_lung.fastq.gz,P L177P,4981,3.7,L177P,P,T530C,T to C,nonsynonymous SNV,27,gr2b_rd_lung,No,T530C,L177P,-
gr2b_rd_lung.fastq.gz,P K196E,5037,3.57,K196E,P,A586G,A to G,nonsynonymous SNV,28,gr2b_rd_lung,No,A586G,K196E,-
gr2b_rd_lung.fastq.gz,P I208T,5074,4.35,I208T,P,T623C,T to C,nonsynonymous SNV,23,gr2b_rd_lung,No,T623C,I208T,-
gr2b_rd_lung.fastq.gz,P Y213S,5089,4.35,Y213S,P,A638C,A to C,nonsynonymous SNV,23,gr2b_rd_lung,No,A638C,Y213S,-
gr2b_rd_lung.fastq.gz,P L232W,5146,4.55,L232W,P,T695G,T to G,nonsynonymous SNV,22,gr2b_rd_lung,No,T695G,L232W,-
gr2b_rd_lung.fastq.gz,P K236N,5159,8.7,K236N,P,A708T,A to T,nonsynonymous SNV,23,gr2b_rd_lung,No,A708T,K236N,-
gr2b_rd_lung.fastq.gz,P Q247P,5191,4,Q247P,P,A740C,A to C,nonsynonymous SNV,25,gr2b_rd_lung,No,A740C,Q247P,-
gr2b_rd_lung.fastq.gz,P E268E,5255,4.55,E268E,P,A804G,A to G,synonymous SNV,22,gr2b_rd_lung,No,A804G,E268E,-
gr2b_rd_lung.fastq.gz,P A306E,5368,2.56,A306E,P,C917A,C to A,nonsynonymous SNV,39,gr2b_rd_lung,No,C917A,A306E,-
gr2b_rd_lung.fastq.gz,P L328L,5433,2.7,L328L,P,T982C,T to C,synonymous SNV,37,gr2b_rd_lung,No,T982C,L328L,-
gr2b_rd_lung.fastq.gz,P D359N,5526,3.12,D359N,P,G1075A,G to A,nonsynonymous SNV,32,gr2b_rd_lung,No,G1075A,D359N,-
gr2b_rd_lung.fastq.gz,P G370R,5559,4.76,G370R,P,G1108A,G to A,nonsynonymous SNV,21,gr2b_rd_lung,No,G1108A,G370R,-
gr2b_rd_lung.fastq.gz,P T386T,5609,4.17,T386T,P,T1158A,T to A,synonymous SNV,24,gr2b_rd_lung,No,T1158A,T386T,-
gr2b_rd_lung.fastq.gz,P N548D,6093,4.76,N548D,P,A1642G,A to G,nonsynonymous SNV,21,gr2b_rd_lung,No,A1642G,N548D,-
gr2b_rd_lung.fastq.gz,P M577T,6181,5.56,M577T,P,T1730C,T to C,nonsynonymous SNV,18,gr2b_rd_lung,No,T1730C,M577T,-
gr2b_rd_lung.fastq.gz,P N591K,6224,5.26,N591K,P,T1773G,T to G,nonsynonymous SNV,19,gr2b_rd_lung,No,T1773G,N591K,-
gr2b_rd_lung.fastq.gz,P F609F,6278,4.35,F609F,P,C1827T,C to T,synonymous SNV,23,gr2b_rd_lung,No,C1827T,F609F,-
gr2b_rd_lung.fastq.gz,P T700T,6551,6.67,T700T,P,T2100C,T to C,synonymous SNV,15,gr2b_rd_lung,No,T2100C,T700T,-
gr2b_rd_lung.fastq.gz,M S9S,7180,4.76,S9S,M,A27T,A to T,synonymous SNV,21,gr2b_rd_lung,No,A27T,S9S,-
gr2b_rd_lung.fastq.gz,M N60N,7333,3.12,N60N,M,C180T,C to T,synonymous SNV,32,gr2b_rd_lung,No,C180T,N60N,-
gr2b_rd_lung.fastq.gz,M Y62C,7338,3.12,Y62C,M,A185G,A to G,nonsynonymous SNV,32,gr2b_rd_lung,No,A185G,Y62C,-
gr2b_rd_lung.fastq.gz,M R87W,7412,3.85,R87W,M,A259T,A to T,nonsynonymous SNV,26,gr2b_rd_lung,No,A259T,R87W,-
gr2b_rd_lung.fastq.gz,M K231E,7844,4.55,K231E,M,A691G,A to G,nonsynonymous SNV,22,gr2b_rd_lung,No,A691G,K231E,-
gr2b_rd_lung.fastq.gz,M I278T,7986,5.26,I278T,M,T833C,T to C,nonsynonymous SNV,19,gr2b_rd_lung,No,T833C,I278T,-
gr2b_rd_lung.fastq.gz,F G41R,8826,5.26,G41R,F,G121A,G to A,nonsynonymous SNV,19,gr2b_rd_lung,No,G121A,G41R,-
gr2b_rd_lung.fastq.gz,F C192Y,9280,3.12,C192Y,F,G575A,G to A,nonsynonymous SNV,32,gr2b_rd_lung,No,G575A,C192Y,-
gr2b_rd_lung.fastq.gz,F N217T,9355,3.7,N217T,F,A650C,A to C,nonsynonymous SNV,27,gr2b_rd_lung,No,A650C,N217T,-
gr2b_rd_lung.fastq.gz,F Y239N,9420,3.57,Y239N,F,T715A,T to A,nonsynonymous SNV,28,gr2b_rd_lung,No,T715A,Y239N,-
gr2b_rd_lung.fastq.gz,F T349S,9750,4.76,T349S,F,A1045T,A to T,nonsynonymous SNV,21,gr2b_rd_lung,No,A1045T,T349S,-
gr2b_rd_lung.fastq.gz,F C387Y,9865,6.67,C387Y,F,G1160A,G to A,nonsynonymous SNV,15,gr2b_rd_lung,No,G1160A,C387Y,-
gr2b_rd_lung.fastq.gz,F V390G,9874,5.88,V390G,F,T1169G,T to G,nonsynonymous SNV,17,gr2b_rd_lung,No,T1169G,V390G,-
gr2b_rd_lung.fastq.gz,glycoprotein Q174R,11515,5,Q174R,glycoprotein,A521G,A to G,nonsynonymous SNV,20,gr2b_rd_lung,No,A521G,Q174R,-
gr2b_rd_lung.fastq.gz,glycoprotein F229L,11679,8,F229L,glycoprotein,T685C,T to C,nonsynonymous SNV,25,gr2b_rd_lung,No,T685C,F229L,-
gr2b_rd_lung.fastq.gz,glycoprotein Y231C,11686,3.7,Y231C,glycoprotein,A692G,A to G,nonsynonymous SNV,27,gr2b_rd_lung,No,A692G,Y231C,-
gr2b_rd_lung.fastq.gz,glycoprotein L234Q,11695,3.45,L234Q,glycoprotein,T701A,T to A,nonsynonymous SNV,29,gr2b_rd_lung,No,T701A,L234Q,-
gr2b_rd_lung.fastq.gz,glycoprotein R318R,11948,5.26,R318R,glycoprotein,T954A,T to A,synonymous SNV,19,gr2b_rd_lung,No,T954A,R318R,-
gr2b_rd_lung.fastq.gz,glycoprotein E341G,12016,6.67,E341G,glycoprotein,A1022G,A to G,nonsynonymous SNV,15,gr2b_rd_lung,No,A1022G,E341G,-
gr2b_rd_lung.fastq.gz,glycoprotein C387S,12153,7.69,C387S,glycoprotein,T1159A,T to A,nonsynonymous SNV,13,gr2b_rd_lung,No,T1159A,C387S,-
gr2b_rd_lung.fastq.gz,glycoprotein R396R,12180,6.25,R396R,glycoprotein,A1186C,A to C,complex,16,gr2b_rd_lung,No,A1186C,R396R,-
gr2b_rd_lung.fastq.gz,glycoprotein R396R,12182,7.14,R396R,glycoprotein,G1188A,G to A,complex,14,gr2b_rd_lung,No,G1188A,R396R,-
gr2b_rd_lung.fastq.gz,glycoprotein L397L,12183,7.14,L397L,glycoprotein,C1189T,C to T,synonymous SNV,14,gr2b_rd_lung,No,C1189T,L397L,-
gr2b_rd_lung.fastq.gz,glycoprotein F496S,12481,5,F496S,glycoprotein,T1487C,T to C,nonsynonymous SNV,20,gr2b_rd_lung,No,T1487C,F496S,-
gr2b_rd_lung.fastq.gz,L_protein E179K,13998,15.38,E179K,L_protein,G535A,G to A,nonsynonymous SNV,13,gr2b_rd_lung,No,G535A,E179K,-
gr2b_rd_lung.fastq.gz,L_protein I208V,14085,6.67,I208V,L_protein,A622G,A to G,nonsynonymous SNV,15,gr2b_rd_lung,No,A622G,I208V,-
gr2b_rd_lung.fastq.gz,L_protein A296A,14351,6.25,A296A,L_protein,A888G,A to G,synonymous SNV,16,gr2b_rd_lung,No,A888G,A296A,-
gr2b_rd_lung.fastq.gz,L_protein L368P,14566,3.85,L368P,L_protein,T1103C,T to C,nonsynonymous SNV,26,gr2b_rd_lung,No,T1103C,L368P,-
gr2b_rd_lung.fastq.gz,L_protein D464V,14854,3.23,D464V,L_protein,A1391T,A to T,nonsynonymous SNV,31,gr2b_rd_lung,No,A1391T,D464V,-
gr2b_rd_lung.fastq.gz,L_protein L492L,14937,3.33,L492L,L_protein,C1474T,C to T,synonymous SNV,30,gr2b_rd_lung,No,C1474T,L492L,-
gr2b_rd_lung.fastq.gz,L_protein L541L,15084,3.57,L541L,L_protein,T1621C,T to C,synonymous SNV,28,gr2b_rd_lung,No,T1621C,L541L,-
gr2b_rd_lung.fastq.gz,L_protein N638D,15375,11.11,N638D,L_protein,A1912G,A to G,nonsynonymous SNV,9,gr2b_rd_lung,No,A1912G,N638D,-
gr2b_rd_lung.fastq.gz,L_protein F726C,15640,5.56,F726C,L_protein,T2177G,T to G,nonsynonymous SNV,18,gr2b_rd_lung,No,T2177G,F726C,-
gr2b_rd_lung.fastq.gz,L_protein I737V,15672,4.35,I737V,L_protein,A2209G,A to G,nonsynonymous SNV,23,gr2b_rd_lung,No,A2209G,I737V,-
gr2b_rd_lung.fastq.gz,L_protein T821I,15925,4.76,T821I,L_protein,C2462T,C to T,nonsynonymous SNV,21,gr2b_rd_lung,No,C2462T,T821I,-
gr2b_rd_lung.fastq.gz,L_protein M868L,16065,4,M868L,L_protein,A2602T,A to T,nonsynonymous SNV,25,gr2b_rd_lung,No,A2602T,M868L,-
gr2b_rd_lung.fastq.gz,L_protein A900A,16163,4,A900A,L_protein,T2700A,T to A,synonymous SNV,25,gr2b_rd_lung,No,T2700A,A900A,-
gr2b_rd_lung.fastq.gz,L_protein Q1038R,16576,2.38,Q1038R,L_protein,A3113G,A to G,nonsynonymous SNV,42,gr2b_rd_lung,No,A3113G,Q1038R,-
gr2b_rd_lung.fastq.gz,L_protein E1103G,16771,2.63,E1103G,L_protein,A3308G,A to G,nonsynonymous SNV,38,gr2b_rd_lung,No,A3308G,E1103G,-
gr2b_rd_lung.fastq.gz,L_protein R1131G,16854,3.57,R1131G,L_protein,A3391G,A to G,nonsynonymous SNV,28,gr2b_rd_lung,No,A3391G,R1131G,-
gr2b_rd_lung.fastq.gz,L_protein L1137Q,16873,3.57,L1137Q,L_protein,T3410A,T to A,nonsynonymous SNV,28,gr2b_rd_lung,No,T3410A,L1137Q,-
gr2b_rd_lung.fastq.gz,L_protein I1154V,16923,3.33,I1154V,L_protein,A3460G,A to G,nonsynonymous SNV,30,gr2b_rd_lung,No,A3460G,I1154V,-
gr2b_rd_lung.fastq.gz,L_protein T1291A,17334,4.17,T1291A,L_protein,A3871G,A to G,nonsynonymous SNV,24,gr2b_rd_lung,No,A3871G,T1291A,-
gr2b_rd_lung.fastq.gz,L_protein Y1304Y,17375,5.26,Y1304Y,L_protein,T3912C,T to C,synonymous SNV,19,gr2b_rd_lung,No,T3912C,Y1304Y,-
gr2b_rd_lung.fastq.gz,L_protein D1310N,17391,13.33,D1310N,L_protein,G3928A,G to A,nonsynonymous SNV,15,gr2b_rd_lung,No,G3928A,D1310N,-
gr2b_rd_lung.fastq.gz,L_protein L1592L,18237,4,L1592L,L_protein,T4774C,T to C,synonymous SNV,25,gr2b_rd_lung,No,T4774C,L1592L,-
gr2b_rd_lung.fastq.gz,L_protein V1597L,18252,4.17,V1597L,L_protein,G4789T,G to T,nonsynonymous SNV,24,gr2b_rd_lung,No,G4789T,V1597L,-
gr2b_rd_lung.fastq.gz,L_protein Y1632Y,18359,4,Y1632Y,L_protein,C4896T,C to T,synonymous SNV,25,gr2b_rd_lung,No,C4896T,Y1632Y,-
gr2b_rd_lung.fastq.gz,L_protein L1648S,18406,3.23,L1648S,L_protein,T4943C,T to C,nonsynonymous SNV,31,gr2b_rd_lung,No,T4943C,L1648S,-
gr2b_rd_lung.fastq.gz,L_protein T1655N,18427,3.33,T1655N,L_protein,C4964A,C to A,nonsynonymous SNV,30,gr2b_rd_lung,No,C4964A,T1655N,-
gr2b_rd_lung.fastq.gz,L_protein K1667I,18463,4,K1667I,L_protein,A5000T,A to T,nonsynonymous SNV,25,gr2b_rd_lung,No,A5000T,K1667I,-
gr2b_rd_lung.fastq.gz,L_protein I1777L,18792,6.67,I1777L,L_protein,A5329T,A to T,nonsynonymous SNV,15,gr2b_rd_lung,No,A5329T,I1777L,-
gr2b_rd_lung.fastq.gz,L_protein K1789N,18830,5.56,K1789N,L_protein,A5367T,A to T,nonsynonymous SNV,18,gr2b_rd_lung,No,A5367T,K1789N,-
gr2b_rd_lung.fastq.gz,L_protein E1878G,19096,2.17,E1878G,L_protein,A5633G,A to G,nonsynonymous SNV,46,gr2b_rd_lung,No,A5633G,E1878G,-
gr2b_rd_lung.fastq.gz,L_protein I1916T,19210,2.44,I1916T,L_protein,T5747C,T to C,nonsynonymous SNV,41,gr2b_rd_lung,No,T5747C,I1916T,-
gr2b_rd_lung.fastq.gz,L_protein G1935G,19268,5,G1935G,L_protein,T5805A,T to A,synonymous SNV,20,gr2b_rd_lung,No,T5805A,G1935G,-
gr2b_rd_lung.fastq.gz,L_protein Y1992N,19437,4.76,Y1992N,L_protein,T5974A,T to A,nonsynonymous SNV,21,gr2b_rd_lung,No,T5974A,Y1992N,-
gr2b_rd_lung.fastq.gz,L_protein V2001A,19465,4.55,V2001A,L_protein,T6002C,T to C,nonsynonymous SNV,22,gr2b_rd_lung,No,T6002C,V2001A,-
gr2b_rd_lung.fastq.gz,L_protein C2002S,19467,4.76,C2002S,L_protein,T6004A,T to A,nonsynonymous SNV,21,gr2b_rd_lung,No,T6004A,C2002S,-
gr2b_rd_lung.fastq.gz,L_protein I2026V,19539,4.17,I2026V,L_protein,A6076G,A to G,nonsynonymous SNV,24,gr2b_rd_lung,No,A6076G,I2026V,-
gr2b_rd_lung.fastq.gz,L_protein I2123T,19831,4.17,I2123T,L_protein,T6368C,T to C,nonsynonymous SNV,24,gr2b_rd_lung,No,T6368C,I2123T,-
gr2b_rd_lung.fastq.gz,L_protein L2169H,19969,2.94,L2169H,L_protein,T6506A,T to A,nonsynonymous SNV,34,gr2b_rd_lung,No,T6506A,L2169H,-
gr2b_rd_lung.fastq.gz,L_protein Q2210R,20092,13.33,Q2210R,L_protein,A6629G,A to G,nonsynonymous SNV,15,gr2b_rd_lung,No,A6629G,Q2210R,-
gr2b_rd_lung.fastq.gz,NP L275*,936,2.44,L275*,NP,T824A,T to A,stopgain,41,gr2b_rd_lung,No,T824A,L275*,-
gr2b_rd_lung.fastq.gz,GLuc K101*,2706,1.03,K101*,GLuc,A301T,A to T,stopgain,97,gr2b_rd_lung,No,A301T,K101*,-
gr2b_rd_lung.fastq.gz,L_protein R489*,14928,3.45,R489*,L_protein,C1465T,C to T,stopgain,29,gr2b_rd_lung,No,C1465T,R489*,-
gr2b_rd_lung.fastq.gz,L_protein Y658*,15437,7.69,Y658*,L_protein,T1974A,T to A,stopgain,13,gr2b_rd_lung,No,T1974A,Y658*,-
gr2b_rd_lung.fastq.gz,L_protein Y765*,15758,4.55,Y765*,L_protein,T2295A,T to A,stopgain,22,gr2b_rd_lung,No,T2295A,Y765*,-
gr2b_rd_lung.fastq.gz,L_protein Y1676*,18491,4.17,Y1676*,L_protein,C5028A,C to A,stopgain,24,gr2b_rd_lung,No,C5028A,Y1676*,-
gr2b_rd_lung.fastq.gz,L_protein K1900*,19161,2,K1900*,L_protein,A5698T,A to T,stopgain,50,gr2b_rd_lung,No,A5698T,K1900*,-
gr2b_wh_lung.fastq.gz,NP A27A,193,12.5,A27A,NP,A81G,A to G,synonymous SNV,8,gr2b_wh_lung,No,A81G,A27A,-
gr2b_wh_lung.fastq.gz,NP I131T,504,3.7,I131T,NP,T392C,T to C,nonsynonymous SNV,27,gr2b_wh_lung,No,T392C,I131T,-
gr2b_wh_lung.fastq.gz,NP P324P,1084,20,P324P,NP,T972C,T to C,synonymous SNV,5,gr2b_wh_lung,No,T972C,P324P,-
gr2b_wh_lung.fastq.gz,NP K512K,1648,12.5,K512K,NP,G1536A,G to A,synonymous SNV,8,gr2b_wh_lung,No,G1536A,K512K,-
gr2b_wh_lung.fastq.gz,GLuc L47S,2545,11.11,L47S,GLuc,T140C,T to C,nonsynonymous SNV,9,gr2b_wh_lung,No,T140C,L47S,-
gr2b_wh_lung.fastq.gz,GLuc L77L,2634,5.56,L77L,GLuc,C229T,C to T,synonymous SNV,18,gr2b_wh_lung,No,C229T,L77L,-
gr2b_wh_lung.fastq.gz,GLuc P91S,2676,7.69,P91S,GLuc,C271T,C to T,nonsynonymous SNV,13,gr2b_wh_lung,No,C271T,P91S,-
gr2b_wh_lung.fastq.gz,GLuc Q175R,2929,7.14,Q175R,GLuc,A524G,A to G,nonsynonymous SNV,14,gr2b_wh_lung,No,A524G,Q175R,-
gr2b_wh_lung.fastq.gz,eGFP M79V,3261,5.88,M79V,eGFP,A235G,A to G,nonsynonymous SNV,17,gr2b_wh_lung,No,A235G,M79V,-
gr2b_wh_lung.fastq.gz,eGFP Y93Y,3305,5.26,Y93Y,eGFP,C279T,C to T,synonymous SNV,19,gr2b_wh_lung,No,C279T,Y93Y,-
gr2b_wh_lung.fastq.gz,eGFP A111T,3357,6.25,A111T,eGFP,G331A,G to A,nonsynonymous SNV,16,gr2b_wh_lung,No,G331A,A111T,-
gr2b_wh_lung.fastq.gz,eGFP L179H,3562,10,L179H,eGFP,T536A,T to A,nonsynonymous SNV,10,gr2b_wh_lung,No,T536A,L179H,-
gr2b_wh_lung.fastq.gz,P R91S,4724,7.14,R91S,P,A273T,A to T,nonsynonymous SNV,14,gr2b_wh_lung,No,A273T,R91S,-
gr2b_wh_lung.fastq.gz,P S266S,5249,11.11,S266S,P,T798A,T to A,synonymous SNV,9,gr2b_wh_lung,No,T798A,S266S,-
gr2b_wh_lung.fastq.gz,P D382Y,5595,20,D382Y,P,G1144T,G to T,nonsynonymous SNV,5,gr2b_wh_lung,No,G1144T,D382Y,-
gr2b_wh_lung.fastq.gz,P T428I,5734,20,T428I,P,C1283T,C to T,nonsynonymous SNV,5,gr2b_wh_lung,No,C1283T,T428I,-
gr2b_wh_lung.fastq.gz,P R495C,5934,12.5,R495C,P,C1483T,C to T,nonsynonymous SNV,8,gr2b_wh_lung,No,C1483T,R495C,-
gr2b_wh_lung.fastq.gz,P F609F,6278,9.09,F609F,P,C1827T,C to T,synonymous SNV,11,gr2b_wh_lung,No,C1827T,F609F,-
gr2b_wh_lung.fastq.gz,F Y30C,8794,33.33,Y30C,F,A89G,A to G,nonsynonymous SNV,3,gr2b_wh_lung,No,A89G,Y30C,-
gr2b_wh_lung.fastq.gz,F S74G,8925,16.67,S74G,F,A220G,A to G,nonsynonymous SNV,6,gr2b_wh_lung,No,A220G,S74G,-
gr2b_wh_lung.fastq.gz,F I507V,10224,20,I507V,F,A1519G,A to G,nonsynonymous SNV,5,gr2b_wh_lung,No,A1519G,I507V,-
gr2b_wh_lung.fastq.gz,glycoprotein D219D,11651,16.67,D219D,glycoprotein,C657T,C to T,synonymous SNV,6,gr2b_wh_lung,No,C657T,D219D,-
gr2b_wh_lung.fastq.gz,L_protein S263L,14251,16.67,S263L,L_protein,C788T,C to T,nonsynonymous SNV,6,gr2b_wh_lung,No,C788T,S263L,-
gr2b_wh_lung.fastq.gz,L_protein N611D,15294,14.29,N611D,L_protein,A1831G,A to G,nonsynonymous SNV,7,gr2b_wh_lung,No,A1831G,N611D,-
gr2b_wh_lung.fastq.gz,L_protein N945Y,16296,10,N945Y,L_protein,A2833T,A to T,nonsynonymous SNV,10,gr2b_wh_lung,No,A2833T,N945Y,-
gr2b_wh_lung.fastq.gz,L_protein M1032K,16558,9.09,M1032K,L_protein,T3095A,T to A,nonsynonymous SNV,11,gr2b_wh_lung,No,T3095A,M1032K,-
gr2b_wh_lung.fastq.gz,L_protein L1222H,17128,33.33,L1222H,L_protein,T3665A,T to A,nonsynonymous SNV,3,gr2b_wh_lung,No,T3665A,L1222H,-
gr2b_wh_lung.fastq.gz,L_protein L1234S,17164,16.67,L1234S,L_protein,T3701C,T to C,nonsynonymous SNV,6,gr2b_wh_lung,No,T3701C,L1234S,-
gr2b_wh_lung.fastq.gz,L_protein Q1854P,19024,6.25,Q1854P,L_protein,A5561C,A to C,nonsynonymous SNV,16,gr2b_wh_lung,No,A5561C,Q1854P,-
gr2b_wh_lung.fastq.gz,L_protein P2004P,19475,11.11,P2004P,L_protein,A6012G,A to G,synonymous SNV,9,gr2b_wh_lung,No,A6012G,P2004P,-
gr2b_wh_lung.fastq.gz,L_protein F2076S,19690,11.76,F2076S,L_protein,T6227C,T to C,nonsynonymous SNV,17,gr2b_wh_lung,No,T6227C,F2076S,-
gr2b_wh_lung.fastq.gz,L_protein N2097N,19754,13.33,N2097N,L_protein,T6291C,T to C,synonymous SNV,15,gr2b_wh_lung,No,T6291C,N2097N,-
gr2b_wh_lung.fastq.gz,L_protein H2182H,20009,12.5,H2182H,L_protein,C6546T,C to T,synonymous SNV,8,gr2b_wh_lung,No,C6546T,H2182H,-
gr2b_wh_lung.fastq.gz,L_protein T2202K,20068,10,T2202K,L_protein,C6605A,C to A,nonsynonymous SNV,10,gr2b_wh_lung,No,C6605A,T2202K,-
gr2b_wh_lung.fastq.gz,L_protein R1932*,19257,9.09,R1932*,L_protein,C5794T,C to T,stopgain,11,gr2b_wh_lung,No,C5794T,R1932*,-
gr2b_yl_lung.fastq.gz,NP F5F,127,1.11,F5F,NP,T15C,T to C,synonymous SNV,90,gr2b_yl_lung,No,T15C,F5F,-
gr2b_yl_lung.fastq.gz,NP L153L,569,1.11,L153L,NP,C457T,C to T,synonymous SNV,541,gr2b_yl_lung,No,C457T,L153L,-
gr2b_yl_lung.fastq.gz,NP K486R,1569,1.09,K486R,NP,A1457G,A to G,nonsynonymous SNV,184,gr2b_yl_lung,No,A1457G,K486R,-
gr2b_yl_lung.fastq.gz,P K43R,4579,1.15,K43R,P,A128G,A to G,nonsynonymous SNV,174,gr2b_yl_lung,No,A128G,K43R,-
gr2b_yl_lung.fastq.gz,P A383A,5600,1.2,A383A,P,T1149C,T to C,synonymous SNV,166,gr2b_yl_lung,No,T1149C,A383A,-
gr2b_yl_lung.fastq.gz,P G401C,5652,1.16,G401C,P,G1201T,G to T,nonsynonymous SNV,172,gr2b_yl_lung,No,G1201T,G401C,-
gr2b_yl_lung.fastq.gz,P I546V,6087,1.5,I546V,P,A1636G,A to G,nonsynonymous SNV,133,gr2b_yl_lung,No,A1636G,I546V,-
gr2b_yl_lung.fastq.gz,P P579L,6187,1.06,P579L,P,C1736T,C to T,nonsynonymous SNV,189,gr2b_yl_lung,No,C1736T,P579L,-
gr2b_yl_lung.fastq.gz,P K587K,6212,1.03,K587K,P,A1761G,A to G,synonymous SNV,195,gr2b_yl_lung,No,A1761G,K587K,-
gr2b_yl_lung.fastq.gz,P K595R,6235,1.14,K595R,P,A1784G,A to G,nonsynonymous SNV,176,gr2b_yl_lung,No,A1784G,K595R,-
gr2b_yl_lung.fastq.gz,P D703D,6560,1.05,D703D,P,C2109T,C to T,synonymous SNV,95,gr2b_yl_lung,No,C2109T,D703D,-
gr2b_yl_lung.fastq.gz,P I704V,6561,1.06,I704V,P,A2110G,A to G,nonsynonymous SNV,94,gr2b_yl_lung,No,A2110G,I704V,-
gr2b_yl_lung.fastq.gz,P G707S,6570,2.11,G707S,P,G2119A,G to A,nonsynonymous SNV,95,gr2b_yl_lung,No,G2119A,G707S,-
gr2b_yl_lung.fastq.gz,M H102H,7459,1.49,H102H,M,T306C,T to C,synonymous SNV,134,gr2b_yl_lung,No,T306C,H102H,-
gr2b_yl_lung.fastq.gz,M P140P,7573,1.82,P140P,M,G420A,G to A,synonymous SNV,110,gr2b_yl_lung,No,G420A,P140P,-
gr2b_yl_lung.fastq.gz,M N199N,7750,1.11,N199N,M,C597T,C to T,synonymous SNV,90,gr2b_yl_lung,No,C597T,N199N,-
gr2b_yl_lung.fastq.gz,M F204I,7763,1.02,F204I,M,T610A,T to A,nonsynonymous SNV,98,gr2b_yl_lung,No,T610A,F204I,-
gr2b_yl_lung.fastq.gz,M Y209C,7779,1.04,Y209C,M,A626G,A to G,nonsynonymous SNV,96,gr2b_yl_lung,No,A626G,Y209C,-
gr2b_yl_lung.fastq.gz,M F335I,8156,1.41,F335I,M,T1003A,T to A,nonsynonymous SNV,71,gr2b_yl_lung,No,T1003A,F335I,-
gr2b_yl_lung.fastq.gz,M K351E,8204,1.64,K351E,M,A1051G,A to G,nonsynonymous SNV,61,gr2b_yl_lung,No,A1051G,K351E,-
gr2b_yl_lung.fastq.gz,F N6N,8723,1.15,N6N,F,C18T,C to T,synonymous SNV,87,gr2b_yl_lung,No,C18T,N6N,-
gr2b_yl_lung.fastq.gz,F L14F,8747,1,L14F,F,A42T,A to T,nonsynonymous SNV,100,gr2b_yl_lung,No,A42T,L14F,-
gr2b_yl_lung.fastq.gz,F S232Y,9400,1.09,S232Y,F,C695A,C to A,nonsynonymous SNV,183,gr2b_yl_lung,No,C695A,S232Y,-
gr2b_yl_lung.fastq.gz,F S324T,9675,1.16,S324T,F,T970A,T to A,nonsynonymous SNV,173,gr2b_yl_lung,No,T970A,S324T,-
gr2b_yl_lung.fastq.gz,F N380D,9843,1.03,N380D,F,A1138G,A to G,nonsynonymous SNV,195,gr2b_yl_lung,No,A1138G,N380D,-
gr2b_yl_lung.fastq.gz,F S466Y,10102,1.12,S466Y,F,C1397A,C to A,nonsynonymous SNV,89,gr2b_yl_lung,No,C1397A,S466Y,-
gr2b_yl_lung.fastq.gz,F D472Y,10119,1.15,D472Y,F,G1414T,G to T,nonsynonymous SNV,87,gr2b_yl_lung,No,G1414T,D472Y,-
gr2b_yl_lung.fastq.gz,F Y473C,10123,1.12,Y473C,F,A1418G,A to G,nonsynonymous SNV,89,gr2b_yl_lung,No,A1418G,Y473C,-
gr2b_yl_lung.fastq.gz,F D482V,10150,1.35,D482V,F,A1445T,A to T,nonsynonymous SNV,74,gr2b_yl_lung,No,A1445T,D482V,-
gr2b_yl_lung.fastq.gz,F E529G,10291,1.82,E529G,F,A1586G,A to G,nonsynonymous SNV,55,gr2b_yl_lung,No,A1586G,E529G,-
gr2b_yl_lung.fastq.gz,F G539G,10322,1.89,G539G,F,G1617T,G to T,synonymous SNV,53,gr2b_yl_lung,No,G1617T,G539G,-
gr2b_yl_lung.fastq.gz,glycoprotein S59S,11171,1.85,S59S,glycoprotein,C177T,C to T,synonymous SNV,108,gr2b_yl_lung,No,C177T,S59S,-
gr2b_yl_lung.fastq.gz,glycoprotein R75G,11217,1.15,R75G,glycoprotein,A223G,A to G,nonsynonymous SNV,87,gr2b_yl_lung,No,A223G,R75G,-
gr2b_yl_lung.fastq.gz,glycoprotein M82L,11238,1.09,M82L,glycoprotein,A244T,A to T,nonsynonymous SNV,92,gr2b_yl_lung,No,A244T,M82L,-
gr2b_yl_lung.fastq.gz,glycoprotein I83M,11243,1.12,I83M,glycoprotein,C249G,C to G,nonsynonymous SNV,89,gr2b_yl_lung,No,C249G,I83M,-
gr2b_yl_lung.fastq.gz,glycoprotein K84N,11246,1.11,K84N,glycoprotein,A252T,A to T,nonsynonymous SNV,90,gr2b_yl_lung,No,A252T,K84N,-
gr2b_yl_lung.fastq.gz,glycoprotein I90I,11264,1.11,I90I,glycoprotein,C270A,C to A,synonymous SNV,90,gr2b_yl_lung,No,C270A,I90I,-
gr2b_yl_lung.fastq.gz,glycoprotein V109V,11321,1.43,V109V,glycoprotein,A327G,A to G,synonymous SNV,70,gr2b_yl_lung,No,A327G,V109V,-
gr2b_yl_lung.fastq.gz,glycoprotein I118I,11348,2.25,I118I,glycoprotein,C354A,C to A,synonymous SNV,89,gr2b_yl_lung,No,C354A,I118I,-
gr2b_yl_lung.fastq.gz,glycoprotein P208L,11617,1.06,P208L,glycoprotein,C623T,C to T,nonsynonymous SNV,94,gr2b_yl_lung,No,C623T,P208L,-
gr2b_yl_lung.fastq.gz,glycoprotein D219D,11651,1.1,D219D,glycoprotein,C657T,C to T,synonymous SNV,91,gr2b_yl_lung,No,C657T,D219D,-
gr2b_yl_lung.fastq.gz,glycoprotein L222R,11659,1.04,L222R,glycoprotein,T665G,T to G,nonsynonymous SNV,96,gr2b_yl_lung,No,T665G,L222R,-
gr2b_yl_lung.fastq.gz,glycoprotein E235K,11697,1.63,E235K,glycoprotein,G703A,G to A,nonsynonymous SNV,123,gr2b_yl_lung,No,G703A,E235K,-
gr2b_yl_lung.fastq.gz,glycoprotein R396R,12182,1.8,R396R,glycoprotein,G1188A,G to A,synonymous SNV,111,gr2b_yl_lung,No,G1188A,R396R,-
gr2b_yl_lung.fastq.gz,glycoprotein L397L,12183,1.8,L397L,glycoprotein,C1189T,C to T,synonymous SNV,111,gr2b_yl_lung,No,C1189T,L397L,-
gr2b_yl_lung.fastq.gz,glycoprotein Y407Y,12215,1.75,Y407Y,glycoprotein,T1221C,T to C,synonymous SNV,114,gr2b_yl_lung,No,T1221C,Y407Y,-
gr2b_yl_lung.fastq.gz,glycoprotein T563T,12683,1.05,T563T,glycoprotein,T1689C,T to C,synonymous SNV,95,gr2b_yl_lung,No,T1689C,T563T,-
gr2b_yl_lung.fastq.gz,glycoprotein C565R,12687,1.01,C565R,glycoprotein,T1693C,T to C,nonsynonymous SNV,99,gr2b_yl_lung,No,T1693C,C565R,-
gr2b_yl_lung.fastq.gz,glycoprotein F566Y,12691,1,F566Y,glycoprotein,T1697A,T to A,nonsynonymous SNV,100,gr2b_yl_lung,No,T1697A,F566Y,-
gr2b_yl_lung.fastq.gz,glycoprotein C574R,12714,3.96,C574R,glycoprotein,T1720C,T to C,nonsynonymous SNV,101,gr2b_yl_lung,No,T1720C,C574R,-
gr2b_yl_lung.fastq.gz,glycoprotein I580V,12732,2.15,I580V,glycoprotein,A1738G,A to G,complex,93,gr2b_yl_lung,No,A1738G,I580V,-
gr2b_yl_lung.fastq.gz,glycoprotein I580R,12733,1.03,I580R,glycoprotein,T1739G,T to G,complex,97,gr2b_yl_lung,No,T1739G,I580R,-
gr2b_yl_lung.fastq.gz,glycoprotein V587V,12755,1.12,V587V,glycoprotein,T1761C,T to C,synonymous SNV,89,gr2b_yl_lung,No,T1761C,V587V,-
gr2b_yl_lung.fastq.gz,L_protein D3N,13470,2.7,D3N,L_protein,G7A,G to A,nonsynonymous SNV,37,gr2b_yl_lung,No,G7A,D3N,-
gr2b_yl_lung.fastq.gz,L_protein S47P,13602,2.44,S47P,L_protein,T139C,T to C,nonsynonymous SNV,41,gr2b_yl_lung,No,T139C,S47P,-
gr2b_yl_lung.fastq.gz,L_protein H55Q,13628,2.7,H55Q,L_protein,C165A,C to A,nonsynonymous SNV,38,gr2b_yl_lung,No,C165A,H55Q,-
gr2b_yl_lung.fastq.gz,L_protein N76N,13691,2.56,N76N,L_protein,C228T,C to T,synonymous SNV,39,gr2b_yl_lung,No,C228T,N76N,-
gr2b_yl_lung.fastq.gz,L_protein L107P,13783,1.89,L107P,L_protein,T320C,T to C,nonsynonymous SNV,53,gr2b_yl_lung,No,T320C,L107P,-
gr2b_yl_lung.fastq.gz,L_protein M111I,13796,1.75,M111I,L_protein,G333A,G to A,nonsynonymous SNV,57,gr2b_yl_lung,No,G333A,M111I,-
gr2b_yl_lung.fastq.gz,L_protein R112T,13798,1.72,R112T,L_protein,G335C,G to C,nonsynonymous SNV,58,gr2b_yl_lung,No,G335C,R112T,-
gr2b_yl_lung.fastq.gz,L_protein N135K,13868,1.79,N135K,L_protein,T405A,T to A,nonsynonymous SNV,56,gr2b_yl_lung,No,T405A,N135K,-
gr2b_yl_lung.fastq.gz,L_protein N147N,13904,1.56,N147N,L_protein,T441C,T to C,synonymous SNV,64,gr2b_yl_lung,No,T441C,N147N,-
gr2b_yl_lung.fastq.gz,L_protein A182A,14009,1.32,A182A,L_protein,A546C,A to C,synonymous SNV,76,gr2b_yl_lung,No,A546C,A182A,-
gr2b_yl_lung.fastq.gz,L_protein I198T,14056,1.23,I198T,L_protein,T593C,T to C,nonsynonymous SNV,81,gr2b_yl_lung,No,T593C,I198T,-
gr2b_yl_lung.fastq.gz,L_protein R202R,14067,1.33,R202R,L_protein,C604A,C to A,synonymous SNV,75,gr2b_yl_lung,No,C604A,R202R,-
gr2b_yl_lung.fastq.gz,L_protein E207G,14083,1.15,E207G,L_protein,A620G,A to G,nonsynonymous SNV,87,gr2b_yl_lung,No,A620G,E207G,-
gr2b_yl_lung.fastq.gz,L_protein A390G,14632,1.4,A390G,L_protein,C1169G,C to G,nonsynonymous SNV,143,gr2b_yl_lung,No,C1169G,A390G,-
gr2b_yl_lung.fastq.gz,L_protein N536K,15071,1.33,N536K,L_protein,T1608A,T to A,nonsynonymous SNV,150,gr2b_yl_lung,No,T1608A,N536K,-
gr2b_yl_lung.fastq.gz,L_protein K547R,15103,1.31,K547R,L_protein,A1640G,A to G,nonsynonymous SNV,153,gr2b_yl_lung,No,A1640G,K547R,-
gr2b_yl_lung.fastq.gz,L_protein T630P,15351,18.75,T630P,L_protein,A1888C,A to C,nonsynonymous SNV,144,gr2b_yl_lung,No,A1888C,T630P,-
gr2b_yl_lung.fastq.gz,L_protein A926D,16240,1.03,A926D,L_protein,C2777A,C to A,nonsynonymous SNV,195,gr2b_yl_lung,No,C2777A,A926D,-
gr2b_yl_lung.fastq.gz,L_protein K1073E,16680,1.08,K1073E,L_protein,A3217G,A to G,nonsynonymous SNV,185,gr2b_yl_lung,No,A3217G,K1073E,-
gr2b_yl_lung.fastq.gz,L_protein S1160S,16943,1.17,S1160S,L_protein,C3480A,C to A,synonymous SNV,171,gr2b_yl_lung,No,C3480A,S1160S,-
gr2b_yl_lung.fastq.gz,L_protein L1209L,17090,1.19,L1209L,L_protein,A3627G,A to G,synonymous SNV,168,gr2b_yl_lung,No,A3627G,L1209L,-
gr2b_yl_lung.fastq.gz,L_protein F1356V,17529,1.18,F1356V,L_protein,T4066G,T to G,nonsynonymous SNV,85,gr2b_yl_lung,No,T4066G,F1356V,-
gr2b_yl_lung.fastq.gz,L_protein F1358S,17536,1.19,F1358S,L_protein,T4073C,T to C,nonsynonymous SNV,84,gr2b_yl_lung,No,T4073C,F1358S,-
gr2b_yl_lung.fastq.gz,L_protein V1370V,17573,1.23,V1370V,L_protein,C4110T,C to T,synonymous SNV,81,gr2b_yl_lung,No,C4110T,V1370V,-
gr2b_yl_lung.fastq.gz,L_protein S1373R,17582,1.16,S1373R,L_protein,C4119A,C to A,nonsynonymous SNV,86,gr2b_yl_lung,No,C4119A,S1373R,-
gr2b_yl_lung.fastq.gz,L_protein F1379L,17598,1.02,F1379L,L_protein,T4135C,T to C,nonsynonymous SNV,98,gr2b_yl_lung,No,T4135C,F1379L,-
gr2b_yl_lung.fastq.gz,L_protein I1527I,18044,2.17,I1527I,L_protein,C4581A,C to A,synonymous SNV,138,gr2b_yl_lung,No,C4581A,I1527I,-
gr2b_yl_lung.fastq.gz,L_protein L1607P,18283,1.65,L1607P,L_protein,T4820C,T to C,nonsynonymous SNV,121,gr2b_yl_lung,No,T4820C,L1607P,-
gr2b_yl_lung.fastq.gz,L_protein Q1618R,18316,1.53,Q1618R,L_protein,A4853G,A to G,nonsynonymous SNV,131,gr2b_yl_lung,No,A4853G,Q1618R,-
gr2b_yl_lung.fastq.gz,L_protein G1774D,18784,1.72,G1774D,L_protein,G5321A,G to A,nonsynonymous SNV,116,gr2b_yl_lung,No,G5321A,G1774D,-
gr2b_yl_lung.fastq.gz,L_protein I1777L,18792,15.18,I1777L,L_protein,A5329T,A to T,nonsynonymous SNV,112,gr2b_yl_lung,No,A5329T,I1777L,-
gr2b_yl_lung.fastq.gz,L_protein S1785T,18816,1.09,S1785T,L_protein,T5353A,T to A,nonsynonymous SNV,92,gr2b_yl_lung,No,T5353A,S1785T,-
gr2b_yl_lung.fastq.gz,L_protein T1788T,18827,2.11,T1788T,L_protein,G5364A,G to A,synonymous SNV,95,gr2b_yl_lung,No,G5364A,T1788T,-
gr2b_yl_lung.fastq.gz,L_protein L1814V,18903,1.23,L1814V,L_protein,C5440G,C to G,nonsynonymous SNV,162,gr2b_yl_lung,No,C5440G,L1814V,-
gr2b_yl_lung.fastq.gz,L_protein K2232E,20157,1.27,K2232E,L_protein,A6694G,A to G,nonsynonymous SNV,158,gr2b_yl_lung,No,A6694G,K2232E,-
gr5b_rd_lung.fastq.gz,NP R202K,717,6.67,R202K,NP,G605A,G to A,nonsynonymous SNV,15,gr5b_rd_lung,No,G605A,R202K,-
gr5b_rd_lung.fastq.gz,NP P324P,1084,20,P324P,NP,T972C,T to C,synonymous SNV,10,gr5b_rd_lung,No,T972C,P324P,-
gr5b_rd_lung.fastq.gz,NP K365R,1206,6.67,K365R,NP,A1094G,A to G,nonsynonymous SNV,15,gr5b_rd_lung,No,A1094G,K365R,-
gr5b_rd_lung.fastq.gz,NP E391D,1285,6.25,E391D,NP,A1173T,A to T,nonsynonymous SNV,16,gr5b_rd_lung,No,A1173T,E391D,-
gr5b_rd_lung.fastq.gz,GLuc F7F,2426,50,F7F,GLuc,T21C,T to C,synonymous SNV,2,gr5b_rd_lung,No,T21C,F7F,-
gr5b_rd_lung.fastq.gz,GLuc K101I,2707,25,K101I,GLuc,A302T,A to T,nonsynonymous SNV,4,gr5b_rd_lung,No,A302T,K101I,-
gr5b_rd_lung.fastq.gz,eGFP Y67H,3225,12.5,Y67H,eGFP,T199C,T to C,nonsynonymous SNV,8,gr5b_rd_lung,No,T199C,Y67H,-
gr5b_rd_lung.fastq.gz,eGFP R169S,3531,14.29,R169S,eGFP,C505A,C to A,nonsynonymous SNV,7,gr5b_rd_lung,No,C505A,R169S,-
gr5b_rd_lung.fastq.gz,P E210V,5080,12.5,E210V,P,A629T,A to T,nonsynonymous SNV,8,gr5b_rd_lung,No,A629T,E210V,-
gr5b_rd_lung.fastq.gz,P G214E,5092,12.5,G214E,P,G641A,G to A,nonsynonymous SNV,8,gr5b_rd_lung,No,G641A,G214E,-
gr5b_rd_lung.fastq.gz,P E318A,5404,10,E318A,P,A953C,A to C,nonsynonymous SNV,10,gr5b_rd_lung,No,A953C,E318A,-
gr5b_rd_lung.fastq.gz,P T562T,6137,12.5,T562T,P,T1686A,T to A,synonymous SNV,8,gr5b_rd_lung,No,T1686A,T562T,-
gr5b_rd_lung.fastq.gz,P F609F,6278,12.5,F609F,P,C1827T,C to T,synonymous SNV,8,gr5b_rd_lung,No,C1827T,F609F,-
gr5b_rd_lung.fastq.gz,M L94M,7433,10,L94M,M,T280A,T to A,nonsynonymous SNV,10,gr5b_rd_lung,No,T280A,L94M,-
gr5b_rd_lung.fastq.gz,M K142K,7579,16.67,K142K,M,G426A,G to A,synonymous SNV,6,gr5b_rd_lung,No,G426A,K142K,-
gr5b_rd_lung.fastq.gz,M R311G,8084,20,R311G,M,A931G,A to G,nonsynonymous SNV,5,gr5b_rd_lung,No,A931G,R311G,-
gr5b_rd_lung.fastq.gz,F M19V,8760,16.67,M19V,F,A55G,A to G,nonsynonymous SNV,6,gr5b_rd_lung,No,A55G,M19V,-
gr5b_rd_lung.fastq.gz,F V58D,8878,11.11,V58D,F,T173A,T to A,nonsynonymous SNV,9,gr5b_rd_lung,No,T173A,V58D,-
gr5b_rd_lung.fastq.gz,F A125A,9080,12.5,A125A,F,A375G,A to G,synonymous SNV,8,gr5b_rd_lung,No,A375G,A125A,-
gr5b_rd_lung.fastq.gz,F E295D,9590,5.26,E295D,F,A885T,A to T,nonsynonymous SNV,19,gr5b_rd_lung,No,A885T,E295D,-
gr5b_rd_lung.fastq.gz,F I316I,9653,6.67,I316I,F,A948T,A to T,synonymous SNV,15,gr5b_rd_lung,No,A948T,I316I,-
gr5b_rd_lung.fastq.gz,F K453K,10064,16.67,K453K,F,A1359G,A to G,synonymous SNV,6,gr5b_rd_lung,No,A1359G,K453K,-
gr5b_rd_lung.fastq.gz,glycoprotein N12N,11030,16.67,N12N,glycoprotein,T36C,T to C,synonymous SNV,6,gr5b_rd_lung,No,T36C,N12N,-
gr5b_rd_lung.fastq.gz,glycoprotein K26T,11071,14.29,K26T,glycoprotein,A77C,A to C,nonsynonymous SNV,7,gr5b_rd_lung,No,A77C,K26T,-
gr5b_rd_lung.fastq.gz,glycoprotein M32K,11089,16.67,M32K,glycoprotein,T95A,T to A,nonsynonymous SNV,6,gr5b_rd_lung,No,T95A,M32K,-
gr5b_rd_lung.fastq.gz,glycoprotein I34I,11096,14.29,I34I,glycoprotein,T102A,T to A,synonymous SNV,7,gr5b_rd_lung,No,T102A,I34I,-
gr5b_rd_lung.fastq.gz,glycoprotein S89I,11260,25,S89I,glycoprotein,G266T,G to T,nonsynonymous SNV,4,gr5b_rd_lung,No,G266T,S89I,-
gr5b_rd_lung.fastq.gz,glycoprotein I340N,12013,20,I340N,glycoprotein,T1019A,T to A,nonsynonymous SNV,5,gr5b_rd_lung,No,T1019A,I340N,-
gr5b_rd_lung.fastq.gz,glycoprotein C499R,12489,12.5,C499R,glycoprotein,T1495C,T to C,nonsynonymous SNV,8,gr5b_rd_lung,No,T1495C,C499R,-
gr5b_rd_lung.fastq.gz,L_protein A717E,15613,12.5,A717E,L_protein,C2150A,C to A,nonsynonymous SNV,8,gr5b_rd_lung,No,C2150A,A717E,-
gr5b_rd_lung.fastq.gz,L_protein F914F,16205,9.09,F914F,L_protein,T2742C,T to C,synonymous SNV,11,gr5b_rd_lung,No,T2742C,F914F,-
gr5b_rd_lung.fastq.gz,L_protein T923T,16232,9.09,T923T,L_protein,T2769A,T to A,synonymous SNV,11,gr5b_rd_lung,No,T2769A,T923T,-
gr5b_rd_lung.fastq.gz,L_protein F1098L,16757,12.5,F1098L,L_protein,T3294G,T to G,nonsynonymous SNV,8,gr5b_rd_lung,No,T3294G,F1098L,-
gr5b_rd_lung.fastq.gz,L_protein A1208S,17085,5.88,A1208S,L_protein,G3622T,G to T,nonsynonymous SNV,17,gr5b_rd_lung,No,G3622T,A1208S,-
gr5b_rd_lung.fastq.gz,L_protein R1479R,17898,20,R1479R,L_protein,A4435C,A to C,synonymous SNV,5,gr5b_rd_lung,No,A4435C,R1479R,-
gr5b_rd_lung.fastq.gz,L_protein L1615L,18308,14.29,L1615L,L_protein,T4845C,T to C,synonymous SNV,7,gr5b_rd_lung,No,T4845C,L1615L,-
gr5b_rd_lung.fastq.gz,L_protein N1638S,18376,14.29,N1638S,L_protein,A4913G,A to G,nonsynonymous SNV,7,gr5b_rd_lung,No,A4913G,N1638S,-
gr5b_rd_lung.fastq.gz,L_protein I1686T,18520,16.67,I1686T,L_protein,T5057C,T to C,nonsynonymous SNV,6,gr5b_rd_lung,No,T5057C,I1686T,-
gr5b_rd_lung.fastq.gz,L_protein S1848T,19006,8.33,S1848T,L_protein,G5543C,G to C,nonsynonymous SNV,12,gr5b_rd_lung,No,G5543C,S1848T,-
gr5b_rd_lung.fastq.gz,L_protein L1852L,19017,7.69,L1852L,L_protein,T5554C,T to C,synonymous SNV,13,gr5b_rd_lung,No,T5554C,L1852L,-
gr5b_rd_lung.fastq.gz,L_protein I1934M,19265,7.69,I1934M,L_protein,A5802G,A to G,nonsynonymous SNV,13,gr5b_rd_lung,No,A5802G,I1934M,-
gr5b_rd_lung.fastq.gz,L_protein P2079L,19699,11.11,P2079L,L_protein,C6236T,C to T,nonsynonymous SNV,9,gr5b_rd_lung,No,C6236T,P2079L,-
gr5b_rd_lung.fastq.gz,L_protein D2119N,19818,10,D2119N,L_protein,G6355A,G to A,nonsynonymous SNV,10,gr5b_rd_lung,No,G6355A,D2119N,-
gr5b_rd_lung.fastq.gz,eGFP K167*,3525,12.5,K167*,eGFP,A499T,A to T,stopgain,8,gr5b_rd_lung,No,A499T,K167*,-
gr5b_rd_lung.fastq.gz,P Q361*,5532,9.09,Q361*,P,C1081T,C to T,stopgain,11,gr5b_rd_lung,No,C1081T,Q361*,-
gr6a_wh_lung.fastq.gz,NP S475P,1535,1.2,S475P,NP,T1423C,T to C,nonsynonymous SNV,166,gr6a_wh_lung,No,T1423C,S475P,-
gr6a_wh_lung.fastq.gz,eGFP N147N,3467,1.29,N147N,eGFP,C441T,C to T,synonymous SNV,232,gr6a_wh_lung,No,C441T,N147N,-
gr6a_wh_lung.fastq.gz,eGFP L196L,3612,81.3,L196L,eGFP,C586T,C to T,synonymous SNV,262,gr6a_wh_lung,No,C586T,L196L,-
gr6a_wh_lung.fastq.gz,P N12S,4486,4,N12S,P,A35G,A to G,nonsynonymous SNV,125,gr6a_wh_lung,No,A35G,N12S,-
gr6a_wh_lung.fastq.gz,P G61W,4632,1.92,G61W,P,G181T,G to T,nonsynonymous SNV,208,gr6a_wh_lung,No,G181T,G61W,-
gr6a_wh_lung.fastq.gz,P N144N,4883,1.08,N144N,P,C432T,C to T,synonymous SNV,186,gr6a_wh_lung,No,C432T,N144N,-
gr6a_wh_lung.fastq.gz,P S205P,5064,1.37,S205P,P,T613C,T to C,nonsynonymous SNV,146,gr6a_wh_lung,No,T613C,S205P,-
gr6a_wh_lung.fastq.gz,P S274N,5272,5.95,S274N,P,G821A,G to A,nonsynonymous SNV,168,gr6a_wh_lung,No,G821A,S274N,-
gr6a_wh_lung.fastq.gz,P A309A,5378,1.06,A309A,P,A927G,A to G,synonymous SNV,188,gr6a_wh_lung,No,A927G,A309A,-
gr6a_wh_lung.fastq.gz,P Y364F,5542,1.04,Y364F,P,A1091T,A to T,nonsynonymous SNV,96,gr6a_wh_lung,No,A1091T,Y364F,-
gr6a_wh_lung.fastq.gz,P I368N,5554,1.09,I368N,P,T1103A,T to A,nonsynonymous SNV,92,gr6a_wh_lung,No,T1103A,I368N,-
gr6a_wh_lung.fastq.gz,P F488S,5914,1,F488S,P,T1463C,T to C,nonsynonymous SNV,100,gr6a_wh_lung,No,T1463C,F488S,-
gr6a_wh_lung.fastq.gz,P L526S,6028,1.08,L526S,P,T1577C,T to C,nonsynonymous SNV,93,gr6a_wh_lung,No,T1577C,L526S,-
gr6a_wh_lung.fastq.gz,P K559E,6126,1.53,K559E,P,A1675G,A to G,nonsynonymous SNV,131,gr6a_wh_lung,No,A1675G,K559E,-
gr6a_wh_lung.fastq.gz,P F609F,6278,2.96,F609F,P,C1827T,C to T,synonymous SNV,135,gr6a_wh_lung,No,C1827T,F609F,-
gr6a_wh_lung.fastq.gz,P N686D,6507,2.4,N686D,P,A2056G,A to G,nonsynonymous SNV,125,gr6a_wh_lung,No,A2056G,N686D,-
gr6a_wh_lung.fastq.gz,P G707S,6570,1.74,G707S,P,G2119A,G to A,nonsynonymous SNV,115,gr6a_wh_lung,No,G2119A,G707S,-
gr6a_wh_lung.fastq.gz,M T77T,7384,2.19,T77T,M,C231T,C to T,synonymous SNV,183,gr6a_wh_lung,No,C231T,T77T,-
gr6a_wh_lung.fastq.gz,M K98R,7446,1.19,K98R,M,A293G,A to G,nonsynonymous SNV,168,gr6a_wh_lung,No,A293G,K98R,-
gr6a_wh_lung.fastq.gz,M K114K,7495,1.48,K114K,M,A342G,A to G,synonymous SNV,135,gr6a_wh_lung,No,A342G,K114K,-
gr6a_wh_lung.fastq.gz,M T192A,7727,1.04,T192A,M,A574G,A to G,nonsynonymous SNV,96,gr6a_wh_lung,No,A574G,T192A,-
gr6a_wh_lung.fastq.gz,M G247R,7892,1.05,G247R,M,G739A,G to A,nonsynonymous SNV,95,gr6a_wh_lung,No,G739A,G247R,-
gr6a_wh_lung.fastq.gz,M Y249C,7899,1.89,Y249C,M,A746G,A to G,nonsynonymous SNV,106,gr6a_wh_lung,No,A746G,Y249C,-
gr6a_wh_lung.fastq.gz,M I284M,8005,1.04,I284M,M,C852G,C to G,nonsynonymous SNV,96,gr6a_wh_lung,No,C852G,I284M,-
gr6a_wh_lung.fastq.gz,M G293C,8030,1.1,G293C,M,G877T,G to T,nonsynonymous SNV,91,gr6a_wh_lung,No,G877T,G293C,-
gr6a_wh_lung.fastq.gz,M M303T,8061,1,M303T,M,T908C,T to C,nonsynonymous SNV,100,gr6a_wh_lung,No,T908C,M303T,-
gr6a_wh_lung.fastq.gz,M S321S,8116,1.22,S321S,M,C963T,C to T,synonymous SNV,82,gr6a_wh_lung,No,C963T,S321S,-
gr6a_wh_lung.fastq.gz,M P329P,8140,1.33,P329P,M,T987A,T to A,synonymous SNV,75,gr6a_wh_lung,No,T987A,P329P,-
gr6a_wh_lung.fastq.gz,F I4I,8717,1.43,I4I,F,A12C,A to C,synonymous SNV,70,gr6a_wh_lung,No,A12C,I4I,-
gr6a_wh_lung.fastq.gz,F L14F,8747,1.41,L14F,F,A42C,A to C,nonsynonymous SNV,71,gr6a_wh_lung,No,A42C,L14F,-
gr6a_wh_lung.fastq.gz,F M76V,8931,1.23,M76V,F,A226G,A to G,nonsynonymous SNV,163,gr6a_wh_lung,No,A226G,M76V,-
gr6a_wh_lung.fastq.gz,F Y274S,9526,1.45,Y274S,F,A821C,A to C,nonsynonymous SNV,138,gr6a_wh_lung,No,A821C,Y274S,-
gr6a_wh_lung.fastq.gz,F V382V,9851,1.79,V382V,F,T1146G,T to G,synonymous SNV,168,gr6a_wh_lung,No,T1146G,V382V,-
gr6a_wh_lung.fastq.gz,F L505L,10218,1.39,L505L,F,T1513C,T to C,synonymous SNV,72,gr6a_wh_lung,No,T1513C,L505L,-
gr6a_wh_lung.fastq.gz,F I544I,10337,1.67,I544I,F,T1632A,T to A,synonymous SNV,60,gr6a_wh_lung,No,T1632A,I544I,-
gr6a_wh_lung.fastq.gz,glycoprotein S5G,11007,1.1,S5G,glycoprotein,A13G,A to G,nonsynonymous SNV,91,gr6a_wh_lung,No,A13G,S5G,-
gr6a_wh_lung.fastq.gz,glycoprotein R9G,11019,1,R9G,glycoprotein,A25G,A to G,nonsynonymous SNV,100,gr6a_wh_lung,No,A25G,R9G,-
gr6a_wh_lung.fastq.gz,glycoprotein M82T,11239,1,M82T,glycoprotein,T245C,T to C,nonsynonymous SNV,100,gr6a_wh_lung,No,T245C,M82T,-
gr6a_wh_lung.fastq.gz,glycoprotein T103T,11303,2.02,T103T,glycoprotein,A309G,A to G,synonymous SNV,99,gr6a_wh_lung,No,A309G,T103T,-
gr6a_wh_lung.fastq.gz,glycoprotein G106G,11312,1.09,G106G,glycoprotein,G318A,G to A,synonymous SNV,92,gr6a_wh_lung,No,G318A,G106G,-
gr6a_wh_lung.fastq.gz,glycoprotein K145N,11429,1.47,K145N,glycoprotein,A435T,A to T,nonsynonymous SNV,136,gr6a_wh_lung,No,A435T,K145N,-
gr6a_wh_lung.fastq.gz,glycoprotein R248G,11736,1.27,R248G,glycoprotein,A742G,A to G,nonsynonymous SNV,158,gr6a_wh_lung,No,A742G,R248G,-
gr6a_wh_lung.fastq.gz,glycoprotein G253G,11753,1.16,G253G,glycoprotein,A759G,A to G,synonymous SNV,173,gr6a_wh_lung,No,A759G,G253G,-
gr6a_wh_lung.fastq.gz,glycoprotein S398S,12188,1.89,S398S,glycoprotein,T1194C,T to C,synonymous SNV,106,gr6a_wh_lung,No,T1194C,S398S,-
gr6a_wh_lung.fastq.gz,glycoprotein C574R,12714,1.03,C574R,glycoprotein,T1720C,T to C,nonsynonymous SNV,97,gr6a_wh_lung,No,T1720C,C574R,-
gr6a_wh_lung.fastq.gz,L_protein L54L,13625,5.71,L54L,L_protein,T162C,T to C,synonymous SNV,35,gr6a_wh_lung,No,T162C,L54L,-
gr6a_wh_lung.fastq.gz,L_protein N79T,13699,2.04,N79T,L_protein,A236C,A to C,nonsynonymous SNV,49,gr6a_wh_lung,No,A236C,N79T,-
gr6a_wh_lung.fastq.gz,L_protein I120I,13823,2.38,I120I,L_protein,C360T,C to T,synonymous SNV,42,gr6a_wh_lung,No,C360T,I120I,-
gr6a_wh_lung.fastq.gz,L_protein M128T,13846,2.33,M128T,L_protein,T383C,T to C,nonsynonymous SNV,43,gr6a_wh_lung,No,T383C,M128T,-
gr6a_wh_lung.fastq.gz,L_protein R152S,13919,1.67,R152S,L_protein,A456T,A to T,nonsynonymous SNV,60,gr6a_wh_lung,No,A456T,R152S,-
gr6a_wh_lung.fastq.gz,L_protein E168V,13966,1.43,E168V,L_protein,A503T,A to T,nonsynonymous SNV,70,gr6a_wh_lung,No,A503T,E168V,-
gr6a_wh_lung.fastq.gz,L_protein N186D,14019,1.3,N186D,L_protein,A556G,A to G,nonsynonymous SNV,77,gr6a_wh_lung,No,A556G,N186D,-
gr6a_wh_lung.fastq.gz,L_protein K189R,14029,1.2,K189R,L_protein,A566G,A to G,nonsynonymous SNV,83,gr6a_wh_lung,No,A566G,K189R,-
gr6a_wh_lung.fastq.gz,L_protein R202Q,14068,1.04,R202Q,L_protein,G605A,G to A,nonsynonymous SNV,96,gr6a_wh_lung,No,G605A,R202Q,-
gr6a_wh_lung.fastq.gz,L_protein I208L,14085,1.04,I208L,L_protein,A622T,A to T,nonsynonymous SNV,96,gr6a_wh_lung,No,A622T,I208L,-
gr6a_wh_lung.fastq.gz,L_protein F218V,14115,1.04,F218V,L_protein,T652G,T to G,nonsynonymous SNV,96,gr6a_wh_lung,No,T652G,F218V,-
gr6a_wh_lung.fastq.gz,L_protein Y229C,14149,1.27,Y229C,L_protein,A686G,A to G,nonsynonymous SNV,79,gr6a_wh_lung,No,A686G,Y229C,-
gr6a_wh_lung.fastq.gz,L_protein T231T,14156,1.35,T231T,L_protein,A693T,A to T,synonymous SNV,74,gr6a_wh_lung,No,A693T,T231T,-
gr6a_wh_lung.fastq.gz,L_protein C326R,14439,1.83,C326R,L_protein,T976C,T to C,nonsynonymous SNV,109,gr6a_wh_lung,No,T976C,C326R,-
gr6a_wh_lung.fastq.gz,L_protein L418P,14716,1.05,L418P,L_protein,T1253C,T to C,nonsynonymous SNV,95,gr6a_wh_lung,No,T1253C,L418P,-
gr6a_wh_lung.fastq.gz,L_protein P421S,14724,1.02,P421S,L_protein,C1261T,C to T,nonsynonymous SNV,98,gr6a_wh_lung,No,C1261T,P421S,-
gr6a_wh_lung.fastq.gz,L_protein A422V,14728,1.1,A422V,L_protein,C1265T,C to T,nonsynonymous SNV,91,gr6a_wh_lung,No,C1265T,A422V,-
gr6a_wh_lung.fastq.gz,L_protein K432K,14759,1.92,K432K,L_protein,A1296G,A to G,synonymous SNV,104,gr6a_wh_lung,No,A1296G,K432K,-
gr6a_wh_lung.fastq.gz,L_protein D532G,15058,1.47,D532G,L_protein,A1595G,A to G,nonsynonymous SNV,136,gr6a_wh_lung,No,A1595G,D532G,-
gr6a_wh_lung.fastq.gz,L_protein Y658N,15435,1.74,Y658N,L_protein,T1972A,T to A,nonsynonymous SNV,115,gr6a_wh_lung,No,T1972A,Y658N,-
gr6a_wh_lung.fastq.gz,L_protein A717E,15613,1.49,A717E,L_protein,C2150A,C to A,nonsynonymous SNV,134,gr6a_wh_lung,No,C2150A,A717E,-
gr6a_wh_lung.fastq.gz,L_protein I789K,15829,1,I789K,L_protein,T2366A,T to A,nonsynonymous SNV,100,gr6a_wh_lung,No,T2366A,I789K,-
gr6a_wh_lung.fastq.gz,L_protein A856A,16031,1.39,A856A,L_protein,A2568G,A to G,synonymous SNV,144,gr6a_wh_lung,No,A2568G,A856A,-
gr6a_wh_lung.fastq.gz,L_protein A926D,16240,2.82,A926D,L_protein,C2777A,C to A,nonsynonymous SNV,142,gr6a_wh_lung,No,C2777A,A926D,-
gr6a_wh_lung.fastq.gz,L_protein I1328T,17446,1.04,I1328T,L_protein,T3983C,T to C,nonsynonymous SNV,96,gr6a_wh_lung,No,T3983C,I1328T,-
gr6a_wh_lung.fastq.gz,L_protein S1342P,17487,1.52,S1342P,L_protein,T4024C,T to C,nonsynonymous SNV,66,gr6a_wh_lung,No,T4024C,S1342P,-
gr6a_wh_lung.fastq.gz,L_protein N1344N,17495,1.56,N1344N,L_protein,T4032C,T to C,synonymous SNV,64,gr6a_wh_lung,No,T4032C,N1344N,-
gr6a_wh_lung.fastq.gz,L_protein T1413T,17702,1.19,T1413T,L_protein,A4239G,A to G,synonymous SNV,168,gr6a_wh_lung,No,A4239G,T1413T,-
gr6a_wh_lung.fastq.gz,L_protein V1597I,18252,1.28,V1597I,L_protein,G4789A,G to A,nonsynonymous SNV,156,gr6a_wh_lung,No,G4789A,V1597I,-
gr6a_wh_lung.fastq.gz,L_protein L1627H,18343,1.44,L1627H,L_protein,T4880A,T to A,nonsynonymous SNV,139,gr6a_wh_lung,No,T4880A,L1627H,-
gr6a_wh_lung.fastq.gz,L_protein T1751I,18715,1.67,T1751I,L_protein,C5252T,C to T,nonsynonymous SNV,120,gr6a_wh_lung,No,C5252T,T1751I,-
gr6a_wh_lung.fastq.gz,L_protein G1774D,18784,1.96,G1774D,L_protein,G5321A,G to A,nonsynonymous SNV,102,gr6a_wh_lung,No,G5321A,G1774D,-
gr6a_wh_lung.fastq.gz,L_protein I1777L,18792,17.31,I1777L,L_protein,A5329T,A to T,nonsynonymous SNV,104,gr6a_wh_lung,No,A5329T,I1777L,-
gr6a_wh_lung.fastq.gz,L_protein N1779N,18800,1.22,N1779N,L_protein,T5337C,T to C,synonymous SNV,82,gr6a_wh_lung,No,T5337C,N1779N,-
gr6a_wh_lung.fastq.gz,L_protein K2199R,20059,1.01,K2199R,L_protein,A6596G,A to G,nonsynonymous SNV,199,gr6a_wh_lung,No,A6596G,K2199R,-
gr6a_wh_lung.fastq.gz,F S21*,8767,1.19,S21*,F,C62A,C to A,stopgain,84,gr6a_wh_lung,No,C62A,S21*,-
gr6b_bl_lung.fastq.gz,NP R117G,461,1.49,R117G,NP,A349G,A to G,nonsynonymous SNV,1138,gr6b_bl_lung,No,A349G,R117G,-
gr6b_bl_lung.fastq.gz,eGFP Y238Y,3740,1.1,Y238Y,eGFP,C714T,C to T,synonymous SNV,634,gr6b_bl_lung,No,C714T,Y238Y,-
gr6b_bl_lung.fastq.gz,P G127R,4830,7.41,G127R,P,G379A,G to A,nonsynonymous SNV,567,gr6b_bl_lung,No,G379A,G127R,-
gr6b_bl_lung.fastq.gz,P G584G,6203,1.66,G584G,P,A1752G,A to G,synonymous SNV,661,gr6b_bl_lung,No,A1752G,G584G,-
gr6b_bl_lung.fastq.gz,P T700T,6551,1.38,T700T,P,T2100C,T to C,synonymous SNV,217,gr6b_bl_lung,No,T2100C,T700T,-
gr6b_bl_lung.fastq.gz,M F242L,7877,2.61,F242L,M,T724C,T to C,nonsynonymous SNV,346,gr6b_bl_lung,No,T724C,F242L,-
gr6b_bl_lung.fastq.gz,M D344D,8185,1.44,D344D,M,C1032T,C to T,synonymous SNV,209,gr6b_bl_lung,No,C1032T,D344D,-
gr6b_bl_lung.fastq.gz,M K351K,8206,1.15,K351K,M,G1053A,G to A,synonymous SNV,174,gr6b_bl_lung,No,G1053A,K351K,-
gr6b_bl_lung.fastq.gz,F L14L,8747,1.41,L14L,F,A42G,A to G,synonymous SNV,142,gr6b_bl_lung,No,A42G,L14L,-
gr6b_bl_lung.fastq.gz,F S223F,9373,1.12,S223F,F,C668T,C to T,nonsynonymous SNV,268,gr6b_bl_lung,No,C668T,S223F,-
gr6b_bl_lung.fastq.gz,F V382V,9851,1.05,V382V,F,T1146G,T to G,synonymous SNV,285,gr6b_bl_lung,No,T1146G,V382V,-
gr6b_bl_lung.fastq.gz,glycoprotein D43G,11122,1.04,D43G,glycoprotein,A128G,A to G,nonsynonymous SNV,192,gr6b_bl_lung,No,A128G,D43G,-
gr6b_bl_lung.fastq.gz,glycoprotein I83T,11242,1.1,I83T,glycoprotein,T248C,T to C,nonsynonymous SNV,182,gr6b_bl_lung,No,T248C,I83T,-
gr6b_bl_lung.fastq.gz,glycoprotein P276T,11820,2.38,P276T,glycoprotein,C826A,C to A,nonsynonymous SNV,252,gr6b_bl_lung,No,C826A,P276T,-
gr6b_bl_lung.fastq.gz,glycoprotein Y377Y,12125,1.25,Y377Y,glycoprotein,C1131T,C to T,synonymous SNV,160,gr6b_bl_lung,No,C1131T,Y377Y,-
gr6b_bl_lung.fastq.gz,glycoprotein Y416Y,12242,1.24,Y416Y,glycoprotein,C1248T,C to T,synonymous SNV,161,gr6b_bl_lung,No,C1248T,Y416Y,-
gr6b_bl_lung.fastq.gz,glycoprotein L436L,12300,2.03,L436L,glycoprotein,C1306T,C to T,synonymous SNV,148,gr6b_bl_lung,No,C1306T,L436L,-
gr6b_bl_lung.fastq.gz,glycoprotein D585V,12748,1.08,D585V,glycoprotein,A1754T,A to T,nonsynonymous SNV,93,gr6b_bl_lung,No,A1754T,D585V,-
gr6b_bl_lung.fastq.gz,L_protein S19C,13518,2,S19C,L_protein,A55T,A to T,nonsynonymous SNV,50,gr6b_bl_lung,No,A55T,S19C,-
gr6b_bl_lung.fastq.gz,L_protein N79S,13699,1.67,N79S,L_protein,A236G,A to G,nonsynonymous SNV,60,gr6b_bl_lung,No,A236G,N79S,-
gr6b_bl_lung.fastq.gz,L_protein S105S,13778,1.64,S105S,L_protein,C315T,C to T,synonymous SNV,61,gr6b_bl_lung,No,C315T,S105S,-
gr6b_bl_lung.fastq.gz,L_protein T138S,13876,1.72,T138S,L_protein,C413G,C to G,nonsynonymous SNV,58,gr6b_bl_lung,No,C413G,T138S,-
gr6b_bl_lung.fastq.gz,L_protein E144E,13895,1.39,E144E,L_protein,A432G,A to G,synonymous SNV,72,gr6b_bl_lung,No,A432G,E144E,-
gr6b_bl_lung.fastq.gz,L_protein E179K,13998,2.63,E179K,L_protein,G535A,G to A,nonsynonymous SNV,114,gr6b_bl_lung,No,G535A,E179K,-
gr6b_bl_lung.fastq.gz,L_protein A717E,15613,1.09,A717E,L_protein,C2150A,C to A,nonsynonymous SNV,184,gr6b_bl_lung,No,C2150A,A717E,-
gr6b_bl_lung.fastq.gz,L_protein D1047E,16604,1.08,D1047E,L_protein,T3141G,T to G,nonsynonymous SNV,278,gr6b_bl_lung,No,T3141G,D1047E,-
gr6b_bl_lung.fastq.gz,L_protein R1180R,17003,1.04,R1180R,L_protein,A3540G,A to G,synonymous SNV,192,gr6b_bl_lung,No,A3540G,R1180R,-
gr6b_bl_lung.fastq.gz,L_protein T1341I,17485,1.39,T1341I,L_protein,C4022T,C to T,nonsynonymous SNV,144,gr6b_bl_lung,No,C4022T,T1341I,-
gr6b_bl_lung.fastq.gz,L_protein G1360V,17542,1,G1360V,L_protein,G4079T,G to T,nonsynonymous SNV,100,gr6b_bl_lung,No,G4079T,G1360V,-
gr6b_bl_lung.fastq.gz,L_protein E1505E,17978,1.01,E1505E,L_protein,G4515A,G to A,synonymous SNV,199,gr6b_bl_lung,No,G4515A,E1505E,-
gr6b_bl_lung.fastq.gz,L_protein Q1611H,18296,1.48,Q1611H,L_protein,G4833T,G to T,nonsynonymous SNV,203,gr6b_bl_lung,No,G4833T,Q1611H,-
gr6b_bl_lung.fastq.gz,L_protein G1774D,18784,1.91,G1774D,L_protein,G5321A,G to A,nonsynonymous SNV,157,gr6b_bl_lung,No,G5321A,G1774D,-
gr6b_bl_lung.fastq.gz,L_protein I1777L,18792,25,I1777L,L_protein,A5329T,A to T,nonsynonymous SNV,164,gr6b_bl_lung,No,A5329T,I1777L,-
gr6b_rd_lung.fastq.gz,NP L51P,264,1.14,L51P,NP,T152C,T to C,nonsynonymous SNV,88,gr6b_rd_lung,No,T152C,L51P,-
gr6b_rd_lung.fastq.gz,NP A55S,275,1.12,A55S,NP,G163T,G to T,nonsynonymous SNV,89,gr6b_rd_lung,No,G163T,A55S,-
gr6b_rd_lung.fastq.gz,NP K69N,319,1.15,K69N,NP,A207T,A to T,nonsynonymous SNV,87,gr6b_rd_lung,No,A207T,K69N,-
gr6b_rd_lung.fastq.gz,NP A73T,329,1.14,A73T,NP,G217A,G to A,nonsynonymous SNV,88,gr6b_rd_lung,No,G217A,A73T,-
gr6b_rd_lung.fastq.gz,NP F74Y,333,1.14,F74Y,NP,T221A,T to A,nonsynonymous SNV,88,gr6b_rd_lung,No,T221A,F74Y,-
gr6b_rd_lung.fastq.gz,NP R83S,361,1.59,R83S,NP,A249T,A to T,nonsynonymous SNV,63,gr6b_rd_lung,No,A249T,R83S,-
gr6b_rd_lung.fastq.gz,NP G85E,366,1.23,G85E,NP,G254A,G to A,nonsynonymous SNV,81,gr6b_rd_lung,No,G254A,G85E,-
gr6b_rd_lung.fastq.gz,NP I97T,402,1.02,I97T,NP,T290C,T to C,nonsynonymous SNV,98,gr6b_rd_lung,No,T290C,I97T,-
gr6b_rd_lung.fastq.gz,NP G152G,568,1.22,G152G,NP,C456T,C to T,synonymous SNV,164,gr6b_rd_lung,No,C456T,G152G,-
gr6b_rd_lung.fastq.gz,NP T167I,612,1.37,T167I,NP,C500T,C to T,nonsynonymous SNV,146,gr6b_rd_lung,No,C500T,T167I,-
gr6b_rd_lung.fastq.gz,NP M217L,761,1.89,M217L,NP,A649C,A to C,nonsynonymous SNV,106,gr6b_rd_lung,No,A649C,M217L,-
gr6b_rd_lung.fastq.gz,NP M231K,804,1.49,M231K,NP,T692A,T to A,nonsynonymous SNV,134,gr6b_rd_lung,No,T692A,M231K,-
gr6b_rd_lung.fastq.gz,NP E250E,862,1.56,E250E,NP,A750G,A to G,synonymous SNV,128,gr6b_rd_lung,No,A750G,E250E,-
gr6b_rd_lung.fastq.gz,NP I271N,924,2.2,I271N,NP,T812A,T to A,nonsynonymous SNV,91,gr6b_rd_lung,No,T812A,I271N,-
gr6b_rd_lung.fastq.gz,NP G274W,932,1.08,G274W,NP,G820T,G to T,nonsynonymous SNV,93,gr6b_rd_lung,No,G820T,G274W,-
gr6b_rd_lung.fastq.gz,NP N292D,986,1.32,N292D,NP,A874G,A to G,nonsynonymous SNV,76,gr6b_rd_lung,No,A874G,N292D,-
gr6b_rd_lung.fastq.gz,NP V312M,1046,1.64,V312M,NP,G934A,G to A,nonsynonymous SNV,61,gr6b_rd_lung,No,G934A,V312M,-
gr6b_rd_lung.fastq.gz,NP Y359H,1187,1.09,Y359H,NP,T1075C,T to C,nonsynonymous SNV,92,gr6b_rd_lung,No,T1075C,Y359H,-
gr6b_rd_lung.fastq.gz,NP M378L,1244,1.19,M378L,NP,A1132T,A to T,nonsynonymous SNV,84,gr6b_rd_lung,No,A1132T,M378L,-
gr6b_rd_lung.fastq.gz,NP A456A,1480,1.05,A456A,NP,T1368C,T to C,synonymous SNV,95,gr6b_rd_lung,No,T1368C,A456A,-
gr6b_rd_lung.fastq.gz,NP G468S,1514,1,G468S,NP,G1402A,G to A,nonsynonymous SNV,100,gr6b_rd_lung,No,G1402A,G468S,-
gr6b_rd_lung.fastq.gz,NP A484A,1564,1.04,A484A,NP,T1452C,T to C,synonymous SNV,96,gr6b_rd_lung,No,T1452C,A484A,-
gr6b_rd_lung.fastq.gz,NP A487T,1571,1.06,A487T,NP,G1459A,G to A,nonsynonymous SNV,94,gr6b_rd_lung,No,G1459A,A487T,-
gr6b_rd_lung.fastq.gz,NP A491V,1584,1.08,A491V,NP,C1472T,C to T,nonsynonymous SNV,93,gr6b_rd_lung,No,C1472T,A491V,-
gr6b_rd_lung.fastq.gz,NP S493L,1590,1.1,S493L,NP,C1478T,C to T,nonsynonymous SNV,91,gr6b_rd_lung,No,C1478T,S493L,-
gr6b_rd_lung.fastq.gz,GLuc L6L,2423,1.61,L6L,GLuc,G18C,G to C,synonymous SNV,62,gr6b_rd_lung,No,G18C,L6L,-
gr6b_rd_lung.fastq.gz,GLuc A13A,2444,1.47,A13A,GLuc,T39C,T to C,synonymous SNV,68,gr6b_rd_lung,No,T39C,A13A,-
gr6b_rd_lung.fastq.gz,GLuc I28T,2488,1.04,I28T,GLuc,T83C,T to C,nonsynonymous SNV,96,gr6b_rd_lung,No,T83C,I28T,-
gr6b_rd_lung.fastq.gz,P F16F,4499,1.33,F16F,P,T48C,T to C,synonymous SNV,75,gr6b_rd_lung,No,T48C,F16F,-
gr6b_rd_lung.fastq.gz,P Q25H,4526,1.35,Q25H,P,G75T,G to T,nonsynonymous SNV,74,gr6b_rd_lung,No,G75T,Q25H,-
gr6b_rd_lung.fastq.gz,P A44S,4581,1.22,A44S,P,G130T,G to T,nonsynonymous SNV,82,gr6b_rd_lung,No,G130T,A44S,-
gr6b_rd_lung.fastq.gz,P T172A,4965,1,T172A,P,A514G,A to G,nonsynonymous SNV,100,gr6b_rd_lung,No,A514G,T172A,-
gr6b_rd_lung.fastq.gz,P D179G,4987,1.12,D179G,P,A536G,A to G,nonsynonymous SNV,89,gr6b_rd_lung,No,A536G,D179G,-
gr6b_rd_lung.fastq.gz,P F193L,5028,1.15,F193L,P,T577C,T to C,nonsynonymous SNV,87,gr6b_rd_lung,No,T577C,F193L,-
gr6b_rd_lung.fastq.gz,P Q220K,5109,1.2,Q220K,P,C658A,C to A,nonsynonymous SNV,83,gr6b_rd_lung,No,C658A,Q220K,-
gr6b_rd_lung.fastq.gz,P V230D,5140,2.25,V230D,P,T689A,T to A,nonsynonymous SNV,89,gr6b_rd_lung,No,T689A,V230D,-
gr6b_rd_lung.fastq.gz,P S234N,5152,1.1,S234N,P,G701A,G to A,nonsynonymous SNV,91,gr6b_rd_lung,No,G701A,S234N,-
gr6b_rd_lung.fastq.gz,P P279P,5288,1.11,P279P,P,C837T,C to T,synonymous SNV,90,gr6b_rd_lung,No,C837T,P279P,-
gr6b_rd_lung.fastq.gz,P G308A,5374,1.12,G308A,P,G923C,G to C,nonsynonymous SNV,89,gr6b_rd_lung,No,G923C,G308A,-
gr6b_rd_lung.fastq.gz,P E318G,5404,1.03,E318G,P,A953G,A to G,nonsynonymous SNV,97,gr6b_rd_lung,No,A953G,E318G,-
gr6b_rd_lung.fastq.gz,P K319N,5408,1,K319N,P,A957C,A to C,nonsynonymous SNV,100,gr6b_rd_lung,No,A957C,K319N,-
gr6b_rd_lung.fastq.gz,P L328S,5434,1.01,L328S,P,T983C,T to C,nonsynonymous SNV,99,gr6b_rd_lung,No,T983C,L328S,-
gr6b_rd_lung.fastq.gz,P S335P,5454,1.05,S335P,P,T1003C,T to C,nonsynonymous SNV,95,gr6b_rd_lung,No,T1003C,S335P,-
gr6b_rd_lung.fastq.gz,P L345L,5484,1.22,L345L,P,T1033C,T to C,synonymous SNV,82,gr6b_rd_lung,No,T1033C,L345L,-
gr6b_rd_lung.fastq.gz,P Q355K,5514,1.28,Q355K,P,C1063A,C to A,nonsynonymous SNV,78,gr6b_rd_lung,No,C1063A,Q355K,-
gr6b_rd_lung.fastq.gz,P S381I,5593,1.52,S381I,P,G1142T,G to T,nonsynonymous SNV,66,gr6b_rd_lung,No,G1142T,S381I,-
gr6b_rd_lung.fastq.gz,P G416R,5697,1.72,G416R,P,G1246A,G to A,complex,58,gr6b_rd_lung,No,G1246A,G416R,-
gr6b_rd_lung.fastq.gz,P G416G,5699,1.72,G416G,P,G1248A,G to A,complex,58,gr6b_rd_lung,No,G1248A,G416G,-
gr6b_rd_lung.fastq.gz,P Q438R,5764,1.59,Q438R,P,A1313G,A to G,nonsynonymous SNV,63,gr6b_rd_lung,No,A1313G,Q438R,-
gr6b_rd_lung.fastq.gz,P E458E,5825,1.41,E458E,P,A1374G,A to G,synonymous SNV,71,gr6b_rd_lung,No,A1374G,E458E,-
gr6b_rd_lung.fastq.gz,P D460G,5830,1.49,D460G,P,A1379G,A to G,nonsynonymous SNV,67,gr6b_rd_lung,No,A1379G,D460G,-
gr6b_rd_lung.fastq.gz,P V520L,6009,1.92,V520L,P,G1558T,G to T,nonsynonymous SNV,52,gr6b_rd_lung,No,G1558T,V520L,-
gr6b_rd_lung.fastq.gz,P A558T,6123,1.02,A558T,P,G1672A,G to A,nonsynonymous SNV,98,gr6b_rd_lung,No,G1672A,A558T,-
gr6b_rd_lung.fastq.gz,P I576M,6179,1.03,I576M,P,A1728G,A to G,nonsynonymous SNV,97,gr6b_rd_lung,No,A1728G,I576M,-
gr6b_rd_lung.fastq.gz,P F609S,6277,1.18,F609S,P,T1826C,T to C,complex,85,gr6b_rd_lung,No,T1826C,F609S,-
gr6b_rd_lung.fastq.gz,P F609F,6278,2.25,F609F,P,C1827T,C to T,complex,89,gr6b_rd_lung,No,C1827T,F609F,-
gr6b_rd_lung.fastq.gz,P V614D,6292,1.28,V614D,P,T1841A,T to A,nonsynonymous SNV,78,gr6b_rd_lung,No,T1841A,V614D,-
gr6b_rd_lung.fastq.gz,P N624N,6323,1.28,N624N,P,T1872C,T to C,synonymous SNV,78,gr6b_rd_lung,No,T1872C,N624N,-
gr6b_rd_lung.fastq.gz,P G628R,6333,1.47,G628R,P,G1882A,G to A,nonsynonymous SNV,68,gr6b_rd_lung,No,G1882A,G628R,-
gr6b_rd_lung.fastq.gz,P R661G,6432,1.3,R661G,P,A1981G,A to G,nonsynonymous SNV,77,gr6b_rd_lung,No,A1981G,R661G,-
gr6b_rd_lung.fastq.gz,P I668I,6455,1.41,I668I,P,A2004T,A to T,synonymous SNV,71,gr6b_rd_lung,No,A2004T,I668I,-
gr6b_rd_lung.fastq.gz,P R669R,6458,1.41,R669R,P,G2007A,G to A,synonymous SNV,71,gr6b_rd_lung,No,G2007A,R669R,-
gr6b_rd_lung.fastq.gz,P D691D,6524,1.89,D691D,P,T2073C,T to C,synonymous SNV,53,gr6b_rd_lung,No,T2073C,D691D,-
gr6b_rd_lung.fastq.gz,P G707S,6570,2.33,G707S,P,G2119A,G to A,nonsynonymous SNV,43,gr6b_rd_lung,No,G2119A,G707S,-
gr6b_rd_lung.fastq.gz,M D4E,7165,2,D4E,M,C12A,C to A,nonsynonymous SNV,50,gr6b_rd_lung,No,C12A,D4E,-
gr6b_rd_lung.fastq.gz,M K32E,7247,1.72,K32E,M,A94G,A to G,nonsynonymous SNV,58,gr6b_rd_lung,No,A94G,K32E,-
gr6b_rd_lung.fastq.gz,M M43I,7282,1.41,M43I,M,G129A,G to A,nonsynonymous SNV,71,gr6b_rd_lung,No,G129A,M43I,-
gr6b_rd_lung.fastq.gz,M P52P,7309,1.32,P52P,M,A156G,A to G,synonymous SNV,76,gr6b_rd_lung,No,A156G,P52P,-
gr6b_rd_lung.fastq.gz,M A91T,7424,1.3,A91T,M,G271A,G to A,nonsynonymous SNV,77,gr6b_rd_lung,No,G271A,A91T,-
gr6b_rd_lung.fastq.gz,M E108K,7475,1.47,E108K,M,G322A,G to A,nonsynonymous SNV,68,gr6b_rd_lung,No,G322A,E108K,-
gr6b_rd_lung.fastq.gz,M K114R,7494,2.94,K114R,M,A341G,A to G,nonsynonymous SNV,68,gr6b_rd_lung,No,A341G,K114R,-
gr6b_rd_lung.fastq.gz,M V127F,7532,1.33,V127F,M,G379T,G to T,nonsynonymous SNV,75,gr6b_rd_lung,No,G379T,V127F,-
gr6b_rd_lung.fastq.gz,M L171L,7664,1.54,L171L,M,C511T,C to T,synonymous SNV,65,gr6b_rd_lung,No,C511T,L171L,-
gr6b_rd_lung.fastq.gz,M L176F,7679,1.45,L176F,M,C526T,C to T,nonsynonymous SNV,69,gr6b_rd_lung,No,C526T,L176F,-
gr6b_rd_lung.fastq.gz,M R191G,7724,1.56,R191G,M,C571G,C to G,nonsynonymous SNV,64,gr6b_rd_lung,No,C571G,R191G,-
gr6b_rd_lung.fastq.gz,M T192A,7727,1.69,T192A,M,A574G,A to G,nonsynonymous SNV,59,gr6b_rd_lung,No,A574G,T192A,-
gr6b_rd_lung.fastq.gz,M K211R,7785,1.37,K211R,M,A632G,A to G,nonsynonymous SNV,73,gr6b_rd_lung,No,A632G,K211R,-
gr6b_rd_lung.fastq.gz,M G240V,7872,1.43,G240V,M,G719T,G to T,nonsynonymous SNV,70,gr6b_rd_lung,No,G719T,G240V,-
gr6b_rd_lung.fastq.gz,M F242L,7877,1.49,F242L,M,T724C,T to C,nonsynonymous SNV,67,gr6b_rd_lung,No,T724C,F242L,-
gr6b_rd_lung.fastq.gz,M R261S,7936,1.41,R261S,M,G783C,G to C,nonsynonymous SNV,71,gr6b_rd_lung,No,G783C,R261S,-
gr6b_rd_lung.fastq.gz,M F266S,7950,1.52,F266S,M,T797C,T to C,nonsynonymous SNV,66,gr6b_rd_lung,No,T797C,F266S,-
gr6b_rd_lung.fastq.gz,M G269G,7960,1.56,G269G,M,T807C,T to C,synonymous SNV,64,gr6b_rd_lung,No,T807C,G269G,-
gr6b_rd_lung.fastq.gz,M F294S,8034,2.13,F294S,M,T881C,T to C,nonsynonymous SNV,47,gr6b_rd_lung,No,T881C,F294S,-
gr6b_rd_lung.fastq.gz,M Q295K,8036,2.13,Q295K,M,C883A,C to A,complex,47,gr6b_rd_lung,No,C883A,Q295K,-
gr6b_rd_lung.fastq.gz,M Q295R,8037,2.08,Q295R,M,A884G,A to G,complex,48,gr6b_rd_lung,No,A884G,Q295R,-
gr6b_rd_lung.fastq.gz,F N6N,8723,2.38,N6N,F,C18T,C to T,synonymous SNV,42,gr6b_rd_lung,No,C18T,N6N,-
gr6b_rd_lung.fastq.gz,F C23C,8774,2.27,C23C,F,C69T,C to T,synonymous SNV,44,gr6b_rd_lung,No,C69T,C23C,-
gr6b_rd_lung.fastq.gz,F K32R,8800,1.96,K32R,F,A95G,A to G,nonsynonymous SNV,51,gr6b_rd_lung,No,A95G,K32R,-
gr6b_rd_lung.fastq.gz,F G41A,8827,3.92,G41A,F,G122C,G to C,nonsynonymous SNV,51,gr6b_rd_lung,No,G122C,G41A,-
gr6b_rd_lung.fastq.gz,F Y97H,8994,1.47,Y97H,F,T289C,T to C,nonsynonymous SNV,68,gr6b_rd_lung,No,T289C,Y97H,-
gr6b_rd_lung.fastq.gz,F G131G,9098,2.04,G131G,F,T393C,T to C,synonymous SNV,49,gr6b_rd_lung,No,T393C,G131G,-
gr6b_rd_lung.fastq.gz,F V132E,9100,2,V132E,F,T395A,T to A,complex,50,gr6b_rd_lung,No,T395A,V132E,-
gr6b_rd_lung.fastq.gz,F V132V,9101,2,V132V,F,A396C,A to C,complex,50,gr6b_rd_lung,No,A396C,V132V,-
gr6b_rd_lung.fastq.gz,F T154T,9167,1.61,T154T,F,T462C,T to C,synonymous SNV,62,gr6b_rd_lung,No,T462C,T154T,-
gr6b_rd_lung.fastq.gz,F V169D,9211,3.57,V169D,F,T506A,T to A,nonsynonymous SNV,56,gr6b_rd_lung,No,T506A,V169D,-
gr6b_rd_lung.fastq.gz,F E251G,9457,1.82,E251G,F,A752G,A to G,nonsynonymous SNV,55,gr6b_rd_lung,No,A752G,E251G,-
gr6b_rd_lung.fastq.gz,F D260D,9485,1.89,D260D,F,C780T,C to T,synonymous SNV,53,gr6b_rd_lung,No,C780T,D260D,-
gr6b_rd_lung.fastq.gz,F I267I,9506,1.64,I267I,F,C801T,C to T,synonymous SNV,61,gr6b_rd_lung,No,C801T,I267I,-
gr6b_rd_lung.fastq.gz,F P298P,9599,1.32,P298P,F,A894T,A to T,synonymous SNV,76,gr6b_rd_lung,No,A894T,P298P,-
gr6b_rd_lung.fastq.gz,F F315F,9650,1.59,F315F,F,C945T,C to T,synonymous SNV,63,gr6b_rd_lung,No,C945T,F315F,-
gr6b_rd_lung.fastq.gz,F R319T,9661,1.59,R319T,F,G956C,G to C,nonsynonymous SNV,63,gr6b_rd_lung,No,G956C,R319T,-
gr6b_rd_lung.fastq.gz,F S324L,9676,1.79,S324L,F,C971T,C to T,nonsynonymous SNV,56,gr6b_rd_lung,No,C971T,S324L,-
gr6b_rd_lung.fastq.gz,F F330L,9693,1.92,F330L,F,T988C,T to C,nonsynonymous SNV,52,gr6b_rd_lung,No,T988C,F330L,-
gr6b_rd_lung.fastq.gz,F R336K,9712,1.59,R336K,F,G1007A,G to A,nonsynonymous SNV,63,gr6b_rd_lung,No,G1007A,R336K,-
gr6b_rd_lung.fastq.gz,F F376Y,9832,1.32,F376Y,F,T1127A,T to A,nonsynonymous SNV,76,gr6b_rd_lung,No,T1127A,F376Y,-
gr6b_rd_lung.fastq.gz,F S379S,9842,1.35,S379S,F,T1137C,T to C,synonymous SNV,74,gr6b_rd_lung,No,T1137C,S379S,-
gr6b_rd_lung.fastq.gz,F S389R,9872,1.14,S389R,F,C1167G,C to G,nonsynonymous SNV,88,gr6b_rd_lung,No,C1167G,S389R,-
gr6b_rd_lung.fastq.gz,F N414N,9947,1.18,N414N,F,C1242T,C to T,synonymous SNV,85,gr6b_rd_lung,No,C1242T,N414N,-
gr6b_rd_lung.fastq.gz,F I427T,9985,1.39,I427T,F,T1280C,T to C,nonsynonymous SNV,72,gr6b_rd_lung,No,T1280C,I427T,-
gr6b_rd_lung.fastq.gz,F T483I,10153,2.13,T483I,F,C1448T,C to T,complex,47,gr6b_rd_lung,No,C1448T,T483I,-
gr6b_rd_lung.fastq.gz,F T483T,10154,2.13,T483T,F,T1449A,T to A,complex,47,gr6b_rd_lung,No,T1449A,T483T,-
gr6b_rd_lung.fastq.gz,F K521I,10267,2.38,K521I,F,A1562T,A to T,nonsynonymous SNV,42,gr6b_rd_lung,No,A1562T,K521I,-
gr6b_rd_lung.fastq.gz,F S526I,10282,2.17,S526I,F,G1577T,G to T,nonsynonymous SNV,46,gr6b_rd_lung,No,G1577T,S526I,-
gr6b_rd_lung.fastq.gz,F D540Y,10323,2.38,D540Y,F,G1618T,G to T,nonsynonymous SNV,42,gr6b_rd_lung,No,G1618T,D540Y,-
gr6b_rd_lung.fastq.gz,glycoprotein K26R,11071,2,K26R,glycoprotein,A77G,A to G,nonsynonymous SNV,50,gr6b_rd_lung,No,A77G,K26R,-
gr6b_rd_lung.fastq.gz,glycoprotein N38S,11107,2,N38S,glycoprotein,A113G,A to G,nonsynonymous SNV,50,gr6b_rd_lung,No,A113G,N38S,-
gr6b_rd_lung.fastq.gz,glycoprotein I94T,11275,1.79,I94T,glycoprotein,T281C,T to C,nonsynonymous SNV,56,gr6b_rd_lung,No,T281C,I94T,-
gr6b_rd_lung.fastq.gz,glycoprotein K145K,11429,2.04,K145K,glycoprotein,A435G,A to G,synonymous SNV,49,gr6b_rd_lung,No,A435G,K145K,-
gr6b_rd_lung.fastq.gz,glycoprotein Q212R,11629,1.61,Q212R,glycoprotein,A635G,A to G,nonsynonymous SNV,62,gr6b_rd_lung,No,A635G,Q212R,-
gr6b_rd_lung.fastq.gz,glycoprotein A223D,11662,1.59,A223D,glycoprotein,C668A,C to A,nonsynonymous SNV,63,gr6b_rd_lung,No,C668A,A223D,-
gr6b_rd_lung.fastq.gz,glycoprotein S274L,11815,1.39,S274L,glycoprotein,C821T,C to T,nonsynonymous SNV,72,gr6b_rd_lung,No,C821T,S274L,-
gr6b_rd_lung.fastq.gz,glycoprotein N275K,11819,1.37,N275K,glycoprotein,T825A,T to A,nonsynonymous SNV,73,gr6b_rd_lung,No,T825A,N275K,-
gr6b_rd_lung.fastq.gz,glycoprotein G301V,11896,1.75,G301V,glycoprotein,G902T,G to T,nonsynonymous SNV,57,gr6b_rd_lung,No,G902T,G301V,-
gr6b_rd_lung.fastq.gz,glycoprotein L305Q,11908,2.22,L305Q,glycoprotein,T914A,T to A,nonsynonymous SNV,45,gr6b_rd_lung,No,T914A,L305Q,-
gr6b_rd_lung.fastq.gz,glycoprotein L319L,11951,2.22,L319L,glycoprotein,A957G,A to G,synonymous SNV,45,gr6b_rd_lung,No,A957G,L319L,-
gr6b_rd_lung.fastq.gz,glycoprotein Y377C,12124,1.72,Y377C,glycoprotein,A1130G,A to G,nonsynonymous SNV,58,gr6b_rd_lung,No,A1130G,Y377C,-
gr6b_rd_lung.fastq.gz,glycoprotein S411P,12225,1.54,S411P,glycoprotein,T1231C,T to C,nonsynonymous SNV,65,gr6b_rd_lung,No,T1231C,S411P,-
gr6b_rd_lung.fastq.gz,glycoprotein Y416Y,12242,3.12,Y416Y,glycoprotein,C1248T,C to T,synonymous SNV,64,gr6b_rd_lung,No,C1248T,Y416Y,-
gr6b_rd_lung.fastq.gz,glycoprotein S424F,12265,1.64,S424F,glycoprotein,C1271T,C to T,nonsynonymous SNV,61,gr6b_rd_lung,No,C1271T,S424F,-
gr6b_rd_lung.fastq.gz,glycoprotein S457S,12365,2.7,S457S,glycoprotein,T1371C,T to C,synonymous SNV,37,gr6b_rd_lung,No,T1371C,S457S,-
gr6b_rd_lung.fastq.gz,glycoprotein V472V,12410,3.03,V472V,glycoprotein,T1416A,T to A,synonymous SNV,33,gr6b_rd_lung,No,T1416A,V472V,-
gr6b_rd_lung.fastq.gz,glycoprotein T583I,12742,2.08,T583I,glycoprotein,C1748T,C to T,nonsynonymous SNV,48,gr6b_rd_lung,No,C1748T,T583I,-
gr6b_rd_lung.fastq.gz,glycoprotein C601R,12795,2.94,C601R,glycoprotein,T1801C,T to C,nonsynonymous SNV,34,gr6b_rd_lung,No,T1801C,C601R,-
gr6b_rd_lung.fastq.gz,L_protein I10I,13493,4.35,I10I,L_protein,C30A,C to A,synonymous SNV,23,gr6b_rd_lung,No,C30A,I10I,-
gr6b_rd_lung.fastq.gz,L_protein I30I,13553,4.35,I30I,L_protein,T90A,T to A,synonymous SNV,23,gr6b_rd_lung,No,T90A,I30I,-
gr6b_rd_lung.fastq.gz,L_protein A33V,13561,4.17,A33V,L_protein,C98T,C to T,nonsynonymous SNV,24,gr6b_rd_lung,No,C98T,A33V,-
gr6b_rd_lung.fastq.gz,L_protein K68M,13666,4.55,K68M,L_protein,A203T,A to T,nonsynonymous SNV,22,gr6b_rd_lung,No,A203T,K68M,-
gr6b_rd_lung.fastq.gz,L_protein N109D,13788,3.12,N109D,L_protein,A325G,A to G,nonsynonymous SNV,32,gr6b_rd_lung,No,A325G,N109D,-
gr6b_rd_lung.fastq.gz,L_protein K113R,13801,3.23,K113R,L_protein,A338G,A to G,nonsynonymous SNV,31,gr6b_rd_lung,No,A338G,K113R,-
gr6b_rd_lung.fastq.gz,L_protein M248V,14205,1.75,M248V,L_protein,A742G,A to G,nonsynonymous SNV,57,gr6b_rd_lung,No,A742G,M248V,-
gr6b_rd_lung.fastq.gz,L_protein L268R,14266,1.75,L268R,L_protein,T803G,T to G,nonsynonymous SNV,57,gr6b_rd_lung,No,T803G,L268R,-
gr6b_rd_lung.fastq.gz,L_protein F276S,14290,1.64,F276S,L_protein,T827C,T to C,nonsynonymous SNV,61,gr6b_rd_lung,No,T827C,F276S,-
gr6b_rd_lung.fastq.gz,L_protein H313D,14400,2,H313D,L_protein,C937G,C to G,nonsynonymous SNV,50,gr6b_rd_lung,No,C937G,H313D,-
gr6b_rd_lung.fastq.gz,L_protein K376K,14591,1.37,K376K,L_protein,A1128G,A to G,synonymous SNV,73,gr6b_rd_lung,No,A1128G,K376K,-
gr6b_rd_lung.fastq.gz,L_protein K385R,14617,1.79,K385R,L_protein,A1154G,A to G,nonsynonymous SNV,56,gr6b_rd_lung,No,A1154G,K385R,-
gr6b_rd_lung.fastq.gz,L_protein I392T,14638,1.82,I392T,L_protein,T1175C,T to C,nonsynonymous SNV,55,gr6b_rd_lung,No,T1175C,I392T,-
gr6b_rd_lung.fastq.gz,L_protein K394K,14645,3.33,K394K,L_protein,G1182A,G to A,synonymous SNV,60,gr6b_rd_lung,No,G1182A,K394K,-
gr6b_rd_lung.fastq.gz,L_protein V508D,14986,1.47,V508D,L_protein,T1523A,T to A,nonsynonymous SNV,68,gr6b_rd_lung,No,T1523A,V508D,-
gr6b_rd_lung.fastq.gz,L_protein Q548R,15106,1.64,Q548R,L_protein,A1643G,A to G,nonsynonymous SNV,61,gr6b_rd_lung,No,A1643G,Q548R,-
gr6b_rd_lung.fastq.gz,L_protein L591L,15236,1.03,L591L,L_protein,T1773C,T to C,synonymous SNV,97,gr6b_rd_lung,No,T1773C,L591L,-
gr6b_rd_lung.fastq.gz,L_protein K621K,15326,3.08,K621K,L_protein,A1863G,A to G,synonymous SNV,65,gr6b_rd_lung,No,A1863G,K621K,-
gr6b_rd_lung.fastq.gz,L_protein K634E,15363,1.64,K634E,L_protein,A1900G,A to G,nonsynonymous SNV,61,gr6b_rd_lung,No,A1900G,K634E,-
gr6b_rd_lung.fastq.gz,L_protein N660D,15441,1.75,N660D,L_protein,A1978G,A to G,nonsynonymous SNV,57,gr6b_rd_lung,No,A1978G,N660D,-
gr6b_rd_lung.fastq.gz,L_protein Y669F,15469,1.89,Y669F,L_protein,A2006T,A to T,nonsynonymous SNV,53,gr6b_rd_lung,No,A2006T,Y669F,-
gr6b_rd_lung.fastq.gz,L_protein N673Y,15480,1.89,N673Y,L_protein,A2017T,A to T,nonsynonymous SNV,53,gr6b_rd_lung,No,A2017T,N673Y,-
gr6b_rd_lung.fastq.gz,L_protein S693P,15540,1.96,S693P,L_protein,T2077C,T to C,nonsynonymous SNV,51,gr6b_rd_lung,No,T2077C,S693P,-
gr6b_rd_lung.fastq.gz,L_protein A717E,15613,1.85,A717E,L_protein,C2150A,C to A,nonsynonymous SNV,54,gr6b_rd_lung,No,C2150A,A717E,-
gr6b_rd_lung.fastq.gz,L_protein P749R,15709,1.08,P749R,L_protein,C2246G,C to G,nonsynonymous SNV,93,gr6b_rd_lung,No,C2246G,P749R,-
gr6b_rd_lung.fastq.gz,L_protein D788E,15827,2,D788E,L_protein,T2364A,T to A,nonsynonymous SNV,50,gr6b_rd_lung,No,T2364A,D788E,-
gr6b_rd_lung.fastq.gz,L_protein P812L,15898,1.69,P812L,L_protein,C2435T,C to T,nonsynonymous SNV,59,gr6b_rd_lung,No,C2435T,P812L,-
gr6b_rd_lung.fastq.gz,L_protein T821A,15924,1.69,T821A,L_protein,A2461G,A to G,nonsynonymous SNV,59,gr6b_rd_lung,No,A2461G,T821A,-
gr6b_rd_lung.fastq.gz,L_protein N833D,15960,1.59,N833D,L_protein,A2497G,A to G,nonsynonymous SNV,63,gr6b_rd_lung,No,A2497G,N833D,-
gr6b_rd_lung.fastq.gz,L_protein I836T,15970,1.56,I836T,L_protein,T2507C,T to C,nonsynonymous SNV,64,gr6b_rd_lung,No,T2507C,I836T,-
gr6b_rd_lung.fastq.gz,L_protein I838V,15975,1.49,I838V,L_protein,A2512G,A to G,nonsynonymous SNV,67,gr6b_rd_lung,No,A2512G,I838V,-
gr6b_rd_lung.fastq.gz,L_protein G874D,16084,1.32,G874D,L_protein,G2621A,G to A,nonsynonymous SNV,76,gr6b_rd_lung,No,G2621A,G874D,-
gr6b_rd_lung.fastq.gz,L_protein A900P,16161,1.47,A900P,L_protein,G2698C,G to C,nonsynonymous SNV,68,gr6b_rd_lung,No,G2698C,A900P,-
gr6b_rd_lung.fastq.gz,L_protein S916L,16210,1.16,S916L,L_protein,C2747T,C to T,nonsynonymous SNV,86,gr6b_rd_lung,No,C2747T,S916L,-
gr6b_rd_lung.fastq.gz,L_protein T923T,16232,1.06,T923T,L_protein,T2769G,T to G,synonymous SNV,94,gr6b_rd_lung,No,T2769G,T923T,-
gr6b_rd_lung.fastq.gz,L_protein A926D,16240,4.17,A926D,L_protein,C2777A,C to A,nonsynonymous SNV,96,gr6b_rd_lung,No,C2777A,A926D,-
gr6b_rd_lung.fastq.gz,L_protein S931S,16256,1.12,S931S,L_protein,C2793T,C to T,synonymous SNV,89,gr6b_rd_lung,No,C2793T,S931S,-
gr6b_rd_lung.fastq.gz,L_protein G997R,16452,1.19,G997R,L_protein,G2989A,G to A,nonsynonymous SNV,84,gr6b_rd_lung,No,G2989A,G997R,-
gr6b_rd_lung.fastq.gz,L_protein M1026V,16539,1.02,M1026V,L_protein,A3076G,A to G,nonsynonymous SNV,98,gr6b_rd_lung,No,A3076G,M1026V,-
gr6b_rd_lung.fastq.gz,L_protein H1029L,16549,1.04,H1029L,L_protein,A3086T,A to T,nonsynonymous SNV,96,gr6b_rd_lung,No,A3086T,H1029L,-
gr6b_rd_lung.fastq.gz,L_protein G1091V,16735,1.85,G1091V,L_protein,G3272T,G to T,nonsynonymous SNV,54,gr6b_rd_lung,No,G3272T,G1091V,-
gr6b_rd_lung.fastq.gz,L_protein L1108M,16785,2.08,L1108M,L_protein,C3322A,C to A,nonsynonymous SNV,48,gr6b_rd_lung,No,C3322A,L1108M,-
gr6b_rd_lung.fastq.gz,L_protein R1112T,16798,2,R1112T,L_protein,G3335C,G to C,nonsynonymous SNV,51,gr6b_rd_lung,No,G3335C,R1112T,-
gr6b_rd_lung.fastq.gz,L_protein L1144M,16893,1.16,L1144M,L_protein,C3430A,C to A,nonsynonymous SNV,86,gr6b_rd_lung,No,C3430A,L1144M,-
gr6b_rd_lung.fastq.gz,L_protein R1150R,16913,1.15,R1150R,L_protein,A3450G,A to G,synonymous SNV,87,gr6b_rd_lung,No,A3450G,R1150R,-
gr6b_rd_lung.fastq.gz,L_protein N1179K,17000,1.14,N1179K,L_protein,C3537G,C to G,nonsynonymous SNV,88,gr6b_rd_lung,No,C3537G,N1179K,-
gr6b_rd_lung.fastq.gz,L_protein N1183S,17011,1.16,N1183S,L_protein,A3548G,A to G,nonsynonymous SNV,86,gr6b_rd_lung,No,A3548G,N1183S,-
gr6b_rd_lung.fastq.gz,L_protein N1189K,17030,1.32,N1189K,L_protein,T3567G,T to G,nonsynonymous SNV,76,gr6b_rd_lung,No,T3567G,N1189K,-
gr6b_rd_lung.fastq.gz,L_protein D1194E,17045,1.52,D1194E,L_protein,C3582G,C to G,nonsynonymous SNV,66,gr6b_rd_lung,No,C3582G,D1194E,-
gr6b_rd_lung.fastq.gz,L_protein Y1246H,17199,1.61,Y1246H,L_protein,T3736C,T to C,nonsynonymous SNV,62,gr6b_rd_lung,No,T3736C,Y1246H,-
gr6b_rd_lung.fastq.gz,L_protein K1292E,17337,2.22,K1292E,L_protein,A3874G,A to G,nonsynonymous SNV,45,gr6b_rd_lung,No,A3874G,K1292E,-
gr6b_rd_lung.fastq.gz,L_protein A1293T,17340,2.22,A1293T,L_protein,G3877A,G to A,nonsynonymous SNV,45,gr6b_rd_lung,No,G3877A,A1293T,-
gr6b_rd_lung.fastq.gz,L_protein Q1324Q,17435,1.92,Q1324Q,L_protein,G3972A,G to A,synonymous SNV,52,gr6b_rd_lung,No,G3972A,Q1324Q,-
gr6b_rd_lung.fastq.gz,L_protein L1409V,17688,1.43,L1409V,L_protein,T4225G,T to G,nonsynonymous SNV,70,gr6b_rd_lung,No,T4225G,L1409V,-
gr6b_rd_lung.fastq.gz,L_protein H1421R,17725,1.43,H1421R,L_protein,A4262G,A to G,nonsynonymous SNV,70,gr6b_rd_lung,No,A4262G,H1421R,-
gr6b_rd_lung.fastq.gz,L_protein C1428Y,17746,1.41,C1428Y,L_protein,G4283A,G to A,nonsynonymous SNV,71,gr6b_rd_lung,No,G4283A,C1428Y,-
gr6b_rd_lung.fastq.gz,L_protein V1436A,17770,1.52,V1436A,L_protein,T4307C,T to C,nonsynonymous SNV,66,gr6b_rd_lung,No,T4307C,V1436A,-
gr6b_rd_lung.fastq.gz,L_protein G1437D,17773,1.45,G1437D,L_protein,G4310A,G to A,nonsynonymous SNV,69,gr6b_rd_lung,No,G4310A,G1437D,-
gr6b_rd_lung.fastq.gz,L_protein V1439V,17780,1.39,V1439V,L_protein,G4317T,G to T,synonymous SNV,72,gr6b_rd_lung,No,G4317T,V1439V,-
gr6b_rd_lung.fastq.gz,L_protein D1482D,17909,1.33,D1482D,L_protein,C4446T,C to T,synonymous SNV,75,gr6b_rd_lung,No,C4446T,D1482D,-
gr6b_rd_lung.fastq.gz,L_protein N1526N,18041,1.59,N1526N,L_protein,C4578T,C to T,synonymous SNV,63,gr6b_rd_lung,No,C4578T,N1526N,-
gr6b_rd_lung.fastq.gz,L_protein N1528H,18045,1.49,N1528H,L_protein,A4582C,A to C,nonsynonymous SNV,67,gr6b_rd_lung,No,A4582C,N1528H,-
gr6b_rd_lung.fastq.gz,L_protein H1594Y,18243,1.45,H1594Y,L_protein,C4780T,C to T,nonsynonymous SNV,69,gr6b_rd_lung,No,C4780T,H1594Y,-
gr6b_rd_lung.fastq.gz,L_protein F1601L,18264,1.43,F1601L,L_protein,T4801C,T to C,nonsynonymous SNV,70,gr6b_rd_lung,No,T4801C,F1601L,-
gr6b_rd_lung.fastq.gz,L_protein L1606S,18280,1.41,L1606S,L_protein,T4817C,T to C,nonsynonymous SNV,71,gr6b_rd_lung,No,T4817C,L1606S,-
gr6b_rd_lung.fastq.gz,L_protein Q1611P,18295,1.43,Q1611P,L_protein,A4832C,A to C,nonsynonymous SNV,70,gr6b_rd_lung,No,A4832C,Q1611P,-
gr6b_rd_lung.fastq.gz,L_protein Q1617R,18313,1.32,Q1617R,L_protein,A4850G,A to G,nonsynonymous SNV,76,gr6b_rd_lung,No,A4850G,Q1617R,-
gr6b_rd_lung.fastq.gz,L_protein S1624P,18333,1.45,S1624P,L_protein,T4870C,T to C,nonsynonymous SNV,69,gr6b_rd_lung,No,T4870C,S1624P,-
gr6b_rd_lung.fastq.gz,L_protein Q1625R,18337,1.25,Q1625R,L_protein,A4874G,A to G,nonsynonymous SNV,80,gr6b_rd_lung,No,A4874G,Q1625R,-
gr6b_rd_lung.fastq.gz,L_protein A1677T,18492,1.61,A1677T,L_protein,G5029A,G to A,nonsynonymous SNV,62,gr6b_rd_lung,No,G5029A,A1677T,-
gr6b_rd_lung.fastq.gz,L_protein I1686I,18521,1.49,I1686I,L_protein,A5058T,A to T,synonymous SNV,67,gr6b_rd_lung,No,A5058T,I1686I,-
gr6b_rd_lung.fastq.gz,L_protein Q1691L,18535,1.45,Q1691L,L_protein,A5072T,A to T,nonsynonymous SNV,69,gr6b_rd_lung,No,A5072T,Q1691L,-
gr6b_rd_lung.fastq.gz,L_protein E1692K,18537,1.43,E1692K,L_protein,G5074A,G to A,nonsynonymous SNV,70,gr6b_rd_lung,No,G5074A,E1692K,-
gr6b_rd_lung.fastq.gz,L_protein R1698C,18555,1.23,R1698C,L_protein,C5092T,C to T,complex,81,gr6b_rd_lung,No,C5092T,R1698C,-
gr6b_rd_lung.fastq.gz,L_protein R1698H,18556,1.25,R1698H,L_protein,G5093A,G to A,complex,80,gr6b_rd_lung,No,G5093A,R1698H,-
gr6b_rd_lung.fastq.gz,L_protein T1709T,18590,1.45,T1709T,L_protein,G5127T,G to T,synonymous SNV,69,gr6b_rd_lung,No,G5127T,T1709T,-
gr6b_rd_lung.fastq.gz,L_protein S1717S,18614,1.54,S1717S,L_protein,T5151C,T to C,synonymous SNV,65,gr6b_rd_lung,No,T5151C,S1717S,-
gr6b_rd_lung.fastq.gz,L_protein D1718G,18616,1.61,D1718G,L_protein,A5153G,A to G,nonsynonymous SNV,62,gr6b_rd_lung,No,A5153G,D1718G,-
gr6b_rd_lung.fastq.gz,L_protein A1726V,18640,1.56,A1726V,L_protein,C5177T,C to T,nonsynonymous SNV,64,gr6b_rd_lung,No,C5177T,A1726V,-
gr6b_rd_lung.fastq.gz,L_protein I1736V,18669,1.89,I1736V,L_protein,A5206G,A to G,nonsynonymous SNV,53,gr6b_rd_lung,No,A5206G,I1736V,-
gr6b_rd_lung.fastq.gz,L_protein G1774D,18784,2.38,G1774D,L_protein,G5321A,G to A,nonsynonymous SNV,42,gr6b_rd_lung,No,G5321A,G1774D,-
gr6b_rd_lung.fastq.gz,L_protein I1777L,18792,11.63,I1777L,L_protein,A5329T,A to T,nonsynonymous SNV,43,gr6b_rd_lung,No,A5329T,I1777L,-
gr6b_rd_lung.fastq.gz,L_protein L1780S,18802,3.12,L1780S,L_protein,T5339C,T to C,nonsynonymous SNV,32,gr6b_rd_lung,No,T5339C,L1780S,-
gr6b_rd_lung.fastq.gz,L_protein P1834S,18963,1.18,P1834S,L_protein,C5500T,C to T,nonsynonymous SNV,85,gr6b_rd_lung,No,C5500T,P1834S,-
gr6b_rd_lung.fastq.gz,L_protein D1970D,19373,1.03,D1970D,L_protein,T5910C,T to C,synonymous SNV,97,gr6b_rd_lung,No,T5910C,D1970D,-
gr6b_rd_lung.fastq.gz,L_protein S2036P,19569,1.47,S2036P,L_protein,T6106C,T to C,nonsynonymous SNV,68,gr6b_rd_lung,No,T6106C,S2036P,-
gr6b_rd_lung.fastq.gz,L_protein D2040G,19582,1.25,D2040G,L_protein,A6119G,A to G,nonsynonymous SNV,80,gr6b_rd_lung,No,A6119G,D2040G,-
gr6b_rd_lung.fastq.gz,L_protein S2049S,19610,1.25,S2049S,L_protein,A6147G,A to G,synonymous SNV,80,gr6b_rd_lung,No,A6147G,S2049S,-
gr6b_rd_lung.fastq.gz,L_protein S2139A,19878,1.12,S2139A,L_protein,T6415G,T to G,nonsynonymous SNV,89,gr6b_rd_lung,No,T6415G,S2139A,-
gr6b_rd_lung.fastq.gz,L_protein K2154R,19924,1.08,K2154R,L_protein,A6461G,A to G,nonsynonymous SNV,93,gr6b_rd_lung,No,A6461G,K2154R,-
gr6b_rd_lung.fastq.gz,L_protein M2157R,19933,1.27,M2157R,L_protein,T6470G,T to G,nonsynonymous SNV,79,gr6b_rd_lung,No,T6470G,M2157R,-
gr6b_rd_lung.fastq.gz,L_protein L2169R,19969,1.2,L2169R,L_protein,T6506G,T to G,nonsynonymous SNV,83,gr6b_rd_lung,No,T6506G,L2169R,-
gr6b_rd_lung.fastq.gz,L_protein L2180P,20002,1.22,L2180P,L_protein,T6539C,T to C,nonsynonymous SNV,82,gr6b_rd_lung,No,T6539C,L2180P,-
gr6b_rd_lung.fastq.gz,L_protein V2191I,20034,1.32,V2191I,L_protein,G6571A,G to A,nonsynonymous SNV,76,gr6b_rd_lung,No,G6571A,V2191I,-
gr6b_rd_lung.fastq.gz,L_protein K2203Q,20070,1.23,K2203Q,L_protein,A6607C,A to C,nonsynonymous SNV,81,gr6b_rd_lung,No,A6607C,K2203Q,-
gr6b_rd_lung.fastq.gz,L_protein T2204S,20074,1.23,T2204S,L_protein,C6611G,C to G,nonsynonymous SNV,81,gr6b_rd_lung,No,C6611G,T2204S,-
gr6b_rd_lung.fastq.gz,L_protein F2218L,20115,1.23,F2218L,L_protein,T6652C,T to C,complex,81,gr6b_rd_lung,No,T6652C,F2218L,-
gr6b_rd_lung.fastq.gz,L_protein F2218S,20116,1.23,F2218S,L_protein,T6653C,T to C,complex,81,gr6b_rd_lung,No,T6653C,F2218S,-
gr6b_rd_lung.fastq.gz,L_protein L2226S,20140,1.27,L2226S,L_protein,T6677C,T to C,nonsynonymous SNV,79,gr6b_rd_lung,No,T6677C,L2226S,-
gr6b_rd_lung.fastq.gz,L_protein R2229R,20148,1.37,R2229R,L_protein,C6685A,C to A,synonymous SNV,73,gr6b_rd_lung,No,C6685A,R2229R,-
gr6b_rd_lung.fastq.gz,NP Q507*,1631,1.28,Q507*,NP,C1519T,C to T,stopgain,78,gr6b_rd_lung,No,C1519T,Q507*,-
gr6b_rd_lung.fastq.gz,P K3*,4458,2.08,K3*,P,A7T,A to T,stopgain,48,gr6b_rd_lung,No,A7T,K3*,-
gr6b_rd_lung.fastq.gz,P Y627*,6332,1.41,Y627*,P,T1881G,T to G,stopgain,71,gr6b_rd_lung,No,T1881G,Y627*,-
gr6b_rd_lung.fastq.gz,P E689*,6516,1.75,E689*,P,G2065T,G to T,stopgain,57,gr6b_rd_lung,No,G2065T,E689*,-
gr6b_rd_lung.fastq.gz,M Q162*,7637,1.47,Q162*,M,C484T,C to T,stopgain,68,gr6b_rd_lung,No,C484T,Q162*,-
gr6b_rd_lung.fastq.gz,F L33*,8803,1.96,L33*,F,T98A,T to A,stopgain,51,gr6b_rd_lung,No,T98A,L33*,-
gr6b_rd_lung.fastq.gz,F K146*,9141,1.69,K146*,F,A436T,A to T,stopgain,59,gr6b_rd_lung,No,A436T,K146*,-
gr6b_rd_lung.fastq.gz,F C392*,9881,1.09,C392*,F,C1176A,C to A,stopgain,92,gr6b_rd_lung,No,C1176A,C392*,-
gr6b_rd_lung.fastq.gz,F L505*,10219,2.63,L505*,F,T1514A,T to A,stopgain,38,gr6b_rd_lung,No,T1514A,L505*,-
gr6b_rd_lung.fastq.gz,glycoprotein Q334*,11994,2.13,Q334*,glycoprotein,C1000T,C to T,stopgain,47,gr6b_rd_lung,No,C1000T,Q334*,-
gr6b_rd_lung.fastq.gz,glycoprotein Y377*,12125,1.69,Y377*,glycoprotein,C1131A,C to A,stopgain,59,gr6b_rd_lung,No,C1131A,Y377*,-
gr6b_rd_lung.fastq.gz,glycoprotein K443*,12321,1.92,K443*,glycoprotein,A1327T,A to T,stopgain,52,gr6b_rd_lung,No,A1327T,K443*,-
gr6b_rd_lung.fastq.gz,L_protein Y691*,15536,2,Y691*,L_protein,C2073G,C to G,stopgain,50,gr6b_rd_lung,No,C2073G,Y691*,-
gr6b_rd_lung.fastq.gz,L_protein L1409*,17689,1.41,L1409*,L_protein,T4226A,T to A,stopgain,71,gr6b_rd_lung,No,T4226A,L1409*,-